system:index,2018-01-01T00:00:00,2018-01-17T00:00:00,2018-02-02T00:00:00,2018-02-18T00:00:00,2018-03-06T00:00:00,2018-03-22T00:00:00,2018-04-07T00:00:00,2018-04-23T00:00:00,2018-05-09T00:00:00,2018-05-25T00:00:00,2018-06-10T00:00:00,2018-06-26T00:00:00,2018-07-12T00:00:00,2018-07-28T00:00:00,2018-08-13T00:00:00,2018-08-29T00:00:00,2018-09-14T00:00:00,2018-09-30T00:00:00,2018-10-16T00:00:00,2018-11-01T00:00:00,2018-11-17T00:00:00,2018-12-03T00:00:00,2018-12-19T00:00:00,2019-01-01T00:00:00,2019-01-17T00:00:00,2019-02-02T00:00:00,2019-02-18T00:00:00,2019-03-06T00:00:00,2019-03-22T00:00:00,2019-04-07T00:00:00,2019-04-23T00:00:00,2019-05-09T00:00:00,2019-05-25T00:00:00,2019-06-10T00:00:00,2019-06-26T00:00:00,2019-07-12T00:00:00,2019-07-28T00:00:00,2019-08-13T00:00:00,2019-08-29T00:00:00,2019-09-14T00:00:00,2019-09-30T00:00:00,2019-10-16T00:00:00,2019-11-01T00:00:00,2019-11-17T00:00:00,2019-12-03T00:00:00,2019-12-19T00:00:00,2020-01-01T00:00:00,2020-01-17T00:00:00,2020-02-02T00:00:00,2020-02-18T00:00:00,2020-03-05T00:00:00,2020-03-21T00:00:00,2020-04-06T00:00:00,2020-04-22T00:00:00,2020-05-08T00:00:00,2020-05-24T00:00:00,2020-06-09T00:00:00,2020-06-25T00:00:00,2020-07-11T00:00:00,2020-07-27T00:00:00,2020-08-12T00:00:00,2020-08-28T00:00:00,2020-09-13T00:00:00,2020-09-29T00:00:00,2020-10-15T00:00:00,2020-10-31T00:00:00,2020-11-16T00:00:00,2020-12-02T00:00:00,2020-12-18T00:00:00,2021-01-01T00:00:00,2021-01-17T00:00:00,2021-02-02T00:00:00,2021-02-18T00:00:00,2021-03-06T00:00:00,2021-03-22T00:00:00,2021-04-07T00:00:00,2021-04-23T00:00:00,2021-05-09T00:00:00,2021-05-25T00:00:00,2021-06-10T00:00:00,2021-06-26T00:00:00,2021-07-12T00:00:00,2021-07-28T00:00:00,2021-08-13T00:00:00,2021-08-29T00:00:00,PlotID,PlotNum,Site,.geo
0,2599,2539,2238,-99999,1567,2427,2813,2919,2274,2562,1995,2340,2121,1744,1844,1904,1835,1976,2183,1957,2086,2071,2141,2141,-99999,-99999,-99999,-99999,2487,1864,2304,2222,2569,2827,2046,2349,2480,2277,2316,2246,2161,1953,2240,2652,-99999,-99999,1685,2053,1849,2314,2699,1914,1929,3432,3198,2707,2507,2011,2158,1759,2511,2486,2315,2263,2313,2249,2291,2424,1933,1790,1992,2060,2152,1878,1986,1670,2165,1686,2055,1936,1974,1963,1733,1694,1815,BA-01,1,BA,"{""type"":""Point"",""coordinates"":"
1,2400,2666,2725,2357,2689,2771,2832,2806,2607,2361,2236,2340,2223,2015,2079,2087,2088,2045,2080,2081,2150,1957,2296,2296,-99999,-99999,-99999,-99999,2225,3004,2674,2907,2829,2616,2277,2480,2484,2321,2377,2302,2223,2426,2354,2366,2072,-99999,2193,2221,2353,1968,2699,2443,2975,3432,2982,2624,2380,2123,2226,2398,2363,2282,2116,2325,2346,2292,2280,2202,2298,2030,2171,2060,1962,1909,2035,2026,2057,2046,2053,1974,1938,2001,1946,1737,1891,BA-02,2,BA,"{""type"":""Point"",""coordinates"":"
2,2599,2539,2238,-99999,1567,2427,2813,2919,2274,2562,1995,2340,2121,1744,1844,1904,1835,1976,2183,1957,2086,2071,2141,2141,-99999,-99999,-99999,-99999,2487,1864,2304,2222,2569,2827,2046,2349,2480,2277,2316,2246,2161,1953,2240,2652,-99999,-99999,1685,2053,1849,2314,2699,1914,1929,3432,3198,2707,2507,2011,2158,1759,2511,2486,2315,2263,2313,2249,2291,2424,1933,1790,1992,2060,2152,1878,1986,1670,2165,1686,2055,1936,1974,1963,1733,1694,1815,BA-03,3,BA,"{""type"":""Point"",""coordinates"":"
3,2904,1827,1736,-99999,2654,2477,2565,2993,3191,3924,3276,3050,2654,2339,2354,2444,2320,2338,2114,2051,2126,-99999,-99999,-99999,-99999,-99999,-99999,-99999,-275,1592,2057,3281,3269,2972,3515,3266,3032,3109,3109,2470,2331,2495,2016,2710,-99999,-99999,-99999,957,2202,-99999,-99999,5452,3461,2778,3060,3414,3355,3130,2894,2751,2734,2946,2351,2484,2500,2835,2295,2411,-99999,-99999,2533,-99999,-99999,2582,2357,2300,2487,2706,3009,2721,2253,2155,2415,2626,2122,BA-04,4,BA,"{""type"":""Point"",""coordinates"":"
4,3685,2452,2585,-99999,2144,1949,2713,3006,3338,3232,3344,3073,2862,2624,2615,2661,2654,2620,2630,2578,2569,-99999,-99999,2214,-99999,-99999,-99999,-99999,717,3007,3361,3910,3557,3692,3735,3626,3349,3303,3276,3100,2769,2974,3005,3545,-99999,-99999,-99999,-99999,2461,2602,2733,2665,2037,3163,3531,3881,3668,3362,3160,2954,3109,2787,2915,2777,2817,2824,2953,2942,3358,-99999,3135,-99999,3580,3300,2416,3739,2829,2977,2831,2735,2699,2791,2775,2627,2431,BA-05,5,BA,"{""type"":""Point"",""coordinates"":"
5,-99999,-99999,-99999,-99999,-99999,-99999,-99999,-99999,-99999,-99999,-99999,-99999,794,1225,880,647,654,903,739,1274,2016,-99999,-99999,-99999,-99999,-99999,-99999,-99999,-99999,-99999,-99999,-99999,-99999,-745,-793,-99999,845,933,1011,645,1246,627,779,764,-99999,-99999,-99999,-99999,-99999,-99999,-99999,-99999,-99999,-99999,-99999,-886,-165,305,936,1028,1143,1306,861,1146,1433,1053,-99999,-99999,-99999,-99999,-99999,-99999,-99999,-99999,-99999,-99999,-581,-654,502,791,764,1179,906,1177,839,BA-06,6,BA,"{""type"":""Point"",""coordinates"":"
6,-99999,-99999,-99999,-99999,-99999,-99999,-99999,-795,-750,-99999,-99999,82,811,666,1331,647,1466,917,1003,1006,2016,-99999,-99999,-99999,-99999,-99999,-99999,-99999,-99999,-99999,-99999,-99999,-99999,-745,-540,-130,922,933,592,855,700,1108,1006,1296,-99999,-99999,-99999,-99999,-99999,-99999,-99999,-99999,-99999,-99999,-822,-406,76,1549,557,494,787,929,701,801,1433,1053,-99999,1526,-99999,-99999,-99999,-99999,-99999,-99999,-99999,-99999,-558,-654,-99999,497,614,699,734,617,1502,BA-07,7,BA,"{""type"":""Point"",""coordinates"":"
7,-99999,-99999,-99999,-99999,-99999,-99999,-99999,81,306,1173,-99999,1728,1275,2235,1275,1845,1362,996,895,1541,1285,-99999,-99999,-99999,-99999,-99999,-99999,-99999,-99999,-99999,-99999,-99999,-99999,847,-99999,-99999,2156,2470,2109,1289,858,971,1495,723,-99999,-99999,-99999,-99999,-99999,-99999,-99999,-99999,-99999,-80,270,1321,994,1767,1361,1314,1696,1024,1242,1225,871,1517,-99999,685,-99999,-99999,-99999,-99999,-99999,-99999,-99999,79,583,1555,1328,1463,818,1169,1492,1413,1816,BA-08,8,BA,"{""type"":""Point"",""coordinates"":"
8,-99999,-99999,-99999,-99999,-99999,-99999,-99999,81,306,1173,-99999,1728,1275,2235,1275,1845,1362,996,895,1541,1285,-99999,-99999,-99999,-99999,-99999,-99999,-99999,-99999,-99999,-99999,-99999,-99999,847,-99999,-99999,2156,2470,2109,1289,858,971,1495,723,-99999,-99999,-99999,-99999,-99999,-99999,-99999,-99999,-99999,-80,270,1321,994,1767,1361,1314,1696,1024,1242,1225,871,1517,-99999,685,-99999,-99999,-99999,-99999,-99999,-99999,-99999,79,583,1555,1328,1463,818,1169,1492,1413,1816,BA-09,9,BA,"{""type"":""Point"",""coordinates"":"
9,-99999,-99999,2844,-99999,-99999,264,-99999,3040,1913,3109,3893,3095,4384,2176,4605,3149,3230,1813,3413,2338,3443,-99999,-99999,-99999,-99999,-99999,-99999,-99999,-99999,-99999,-180,-99999,855,1971,5407,2708,2788,3128,2433,2541,3499,3056,3304,2174,-99999,-99999,-99999,-99999,-99999,-99999,-99999,-99999,-99999,2056,2237,2768,4022,4524,3011,2785,2436,1883,2220,2028,3377,3529,1790,2863,-99999,-99999,-99999,-99999,-99999,-99999,1634,1531,2514,2241,3465,2769,2910,2359,4628,4068,3843,BA-10,10,BA,"{""type"":""Point"",""coordinates"":"
0000000000000000000a,-99999,-99999,2806,-99999,-99999,-99999,-99999,-99999,-99999,5923,6232,4844,5262,4969,6134,5376,4816,4652,4193,4692,4918,-99999,-99999,-99999,-99999,-99999,-99999,-99999,-99999,-99999,-352,-99999,-99999,-99999,6984,5237,6226,5263,4561,5220,5259,5117,4546,4898,-99999,-99999,-99999,-99999,-99999,-99999,-99999,-99999,-99999,1061,4894,4394,6222,6323,6337,5992,5289,5771,4938,4679,4818,4612,4161,5092,-99999,-99999,-99999,-99999,-99999,-99999,396,-99999,3218,3656,6123,5654,5918,6035,6251,5686,5322,BA-11,11,BA,"{""type"":""Point"",""coordinates"":"
0000000000000000000b,4334,4295,3031,3086,-99999,2057,3228,3174,2850,2658,4157,3979,3167,2995,3208,3436,2616,3563,3158,2578,3610,-99999,-99999,-99999,-99999,-99999,-99999,-99999,-99999,23,2455,1793,3143,3353,3146,3584,4122,3094,3746,3375,2752,2380,3177,3963,-99999,-99999,-99999,-99999,2235,-99999,-99999,2877,402,2029,3913,3634,3389,3124,4107,3905,3726,3520,3526,3040,3224,3567,3284,2432,4561,-99999,3116,-99999,2608,4124,2707,2733,3259,3221,3670,3256,3758,3552,3489,3251,3289,BA-12,12,BA,"{""type"":""Point"",""coordinates"":"
0000000000000000000c,-99999,-99999,2520,-99999,436,1974,3056,1886,1959,2116,2995,3884,2128,3221,4008,1979,2245,2233,2029,2317,2158,-99999,-99999,-99999,-99999,-99999,-99999,-99999,-99999,541,911,2975,-99999,2160,3072,3821,3451,3274,3506,4361,2001,1881,1704,2678,-99999,-99999,-99999,-99999,1117,2621,-99999,2807,-99999,2171,2679,2647,3441,3235,3370,3251,2841,3686,2566,2992,2172,4118,2271,2558,2001,1852,1782,-99999,3206,-99999,2862,1547,1846,2051,3392,3509,2250,2120,3550,3177,1971,BA-13,13,BA,"{""type"":""Point"",""coordinates"":"
0000000000000000000d,4334,4295,3031,3086,-99999,2057,3228,3174,2850,2658,4157,3979,3167,2995,3208,3436,2616,3563,3158,2578,3610,-99999,-99999,-99999,-99999,-99999,-99999,-99999,-99999,23,2455,1793,3143,3353,3146,3584,4122,3094,3746,3375,2752,2380,3177,3963,-99999,-99999,-99999,-99999,2235,-99999,-99999,2877,402,2029,3913,3634,3389,3124,4107,3905,3726,3520,3526,3040,3224,3567,3284,2432,4561,-99999,3116,-99999,2608,4124,2707,2733,3259,3221,3670,3256,3758,3552,3489,3251,3289,BA-14,14,BA,"{""type"":""Point"",""coordinates"":"
0000000000000000000e,-99999,-99999,2520,-99999,436,1974,3056,1886,1959,2116,2995,3884,2128,3221,4008,1979,2245,2233,2029,2317,2158,-99999,-99999,-99999,-99999,-99999,-99999,-99999,-99999,541,911,2975,-99999,2160,3072,3821,3451,3274,3506,4361,2001,1881,1704,2678,-99999,-99999,-99999,-99999,1117,2621,-99999,2807,-99999,2171,2679,2647,3441,3235,3370,3251,2841,3686,2566,2992,2172,4118,2271,2558,2001,1852,1782,-99999,3206,-99999,2862,1547,1846,2051,3392,3509,2250,2120,3550,3177,1971,BA-15,15,BA,"{""type"":""Point"",""coordinates"":"
0000000000000000000f,-99999,707,-99999,-99999,-99999,-228,-99999,2016,4161,5377,6881,7014,6852,6149,5866,5929,5570,4910,4445,4011,-99999,-99999,-99999,-99999,-99999,-99999,-99999,-99999,-99999,-486,-462,702,955,6327,5402,7054,6823,6194,6439,6397,5364,3838,3333,4360,-99999,-99999,-99999,-99999,-99999,655,-99999,-99999,799,3553,4378,5903,6566,6555,6401,4835,5856,5678,4922,3432,4023,3980,3931,2432,-99999,-99999,-99999,-99999,-99999,-99999,506,1841,3577,4893,5897,6045,6359,6084,6295,6105,4690,CN-01,1,CN,"{""type"":""Point"",""coordinates"":"
10,-99999,-99999,4566,-99999,-99999,150,-99999,-99999,-99999,2000,2836,5273,5601,5506,2436,4516,4033,2483,4600,4000,-99999,-99999,-99999,-99999,-99999,-99999,-99999,-99999,-99999,-566,-445,341,52,3059,6562,2688,5429,2727,5048,5654,4499,3627,1137,3653,-99999,-99999,-99999,-99999,-99999,-99999,-99999,-99999,-99999,2964,2560,3584,4297,6093,2501,3542,3840,2779,4479,3352,3904,3399,-99999,9191,-99999,-99999,-99999,-99999,-99999,-99999,-99999,-99999,2865,3681,1973,4291,5797,5092,4677,4322,5323,CN-02,2,CN,"{""type"":""Point"",""coordinates"":"
11,1772,1163,2029,-99999,-99999,397,1094,-99999,1308,2002,1298,4523,4331,5470,1587,2130,2961,3826,3573,2762,3244,-99999,-99999,-99999,-99999,-99999,-99999,-99999,-99999,-99999,350,-99999,5363,2383,4504,5842,4525,1747,3533,6058,4060,2127,3711,2212,-99999,-99999,-99999,-99999,-99999,-99999,-99999,-99999,390,1608,1496,1541,2157,1901,2556,2978,1557,1895,4072,2948,1922,3014,-99999,3252,-99999,-99999,-99999,-99999,-99999,-99999,907,-99999,2605,2835,3244,3139,4115,3061,3503,3444,2803,CN-03,3,CN,"{""type"":""Point"",""coordinates"":"
12,-99999,-226,-99999,-99999,-99999,-99999,-99999,-99999,815,3367,4106,4645,5601,4946,3970,3890,4571,4070,3940,4561,4266,-99999,-99999,-99999,-99999,-99999,-99999,-99999,-99999,-99999,-311,406,570,-99999,5932,3895,4911,6082,3777,4891,3333,4126,3133,3054,-99999,-99999,-99999,-99999,-99999,-99999,183,-99999,-99999,2661,4760,4315,4442,4285,6336,2312,5094,4137,4583,4930,4023,4290,4719,2183,-99999,-99999,-99999,-99999,-99999,-99999,891,-99999,2771,5244,6421,3473,5646,6019,5595,3754,3789,CN-04,4,CN,"{""type"":""Point"",""coordinates"":"
13,1503,-99999,616,-99999,-99999,-99999,-99999,-99999,-99999,1956,3438,3565,2654,2473,3359,2300,2335,1604,1741,1729,-99999,-99999,-99999,-99999,-99999,-99999,-99999,-99999,-99999,-99999,-142,-99999,-74,2077,1867,2377,2861,3776,2440,2482,2085,2086,2013,2983,-99999,-99999,-99999,-99999,-99999,-99999,-99999,-99999,-99999,-99999,2416,2804,1856,3104,1901,2667,2619,1724,2737,2033,2292,-99999,1745,2390,-99999,-99999,-99999,-99999,-99999,-99999,-99999,180,1118,1063,2488,3129,2527,2487,2362,3665,2623,CN-05,5,CN,"{""type"":""Point"",""coordinates"":"
14,-192,-99999,-99999,-99999,-99999,-99999,-99999,-99999,7,497,1575,2326,1992,2323,2060,2134,1695,1699,1804,1115,1945,-99999,-99999,-99999,-99999,-99999,-99999,-99999,-99999,-99999,-99999,-99999,-150,-99999,1230,2201,2110,2482,2440,1484,2085,1708,1616,-99999,-99999,-99999,-99999,-99999,-99999,-99999,-99999,-99999,-392,-99999,1310,1810,1419,2029,1901,1854,2081,1925,1263,1553,1122,-99999,1896,-99999,-99999,1760,1120,-99999,-99999,-99999,-99999,-99999,493,1063,1634,1673,1762,2209,2056,1820,1966,CN-06,6,CN,"{""type"":""Point"",""coordinates"":"
15,-99999,-99999,-99999,-99999,-99999,-99999,-74,-200,-99999,1062,1016,1455,1992,1406,1873,1365,1295,1441,1635,1995,-99999,-99999,-99999,-99999,-99999,-99999,-99999,-99999,-99999,-99999,-767,-99999,-374,-99999,1166,1333,1502,1263,1761,1843,1660,1708,1488,342,-99999,-99999,-99999,-99999,-99999,-99999,2,-99999,-99999,276,-99999,1589,1253,1253,1304,1335,1266,1741,1342,1770,1122,1480,1506,933,-99999,-99999,2244,-99999,-99999,-99999,-99999,-246,-99999,1071,934,1627,1875,1683,1840,1835,1437,CN-07,7,CN,"{""type"":""Point"",""coordinates"":"
16,-99999,-99999,-99999,-99999,-99999,-99999,-99999,-99999,-99999,1018,885,1621,1334,1889,1486,1501,1420,1731,1816,1836,959,-99999,-99999,-99999,-99999,-99999,-99999,-99999,-99999,-99999,-673,-99999,-374,-99999,289,1333,808,1777,1888,1017,901,963,989,-99999,-99999,-99999,-99999,-99999,-99999,-99999,-126,-99999,-99999,-797,381,1018,892,1393,1271,1065,724,583,706,1068,1595,718,308,237,-99999,-99999,-99999,-99999,-99999,-99999,-99999,-99999,493,1004,957,936,1126,1010,1020,881,1116,CN-08,8,CN,"{""type"":""Point"",""coordinates"":"
17,-99999,-99999,-99999,-99999,-99999,-99999,-99999,-517,-487,-99999,1026,1234,1360,1227,1931,1613,1703,979,1209,1602,1168,-99999,-99999,-99999,-99999,-99999,-99999,-99999,-99999,-99999,-609,-518,-99999,-99999,-99999,883,1329,886,1852,1432,1303,1582,1490,-99999,-99999,-99999,-99999,-99999,-99999,-99999,-99999,-99999,-99999,-99999,-99999,252,1063,1496,1483,1225,1390,1327,1599,1255,1311,1055,-99999,1617,-99999,-99999,149,-99999,-99999,-99999,-99999,-99999,111,545,1140,1400,1573,1825,1401,1857,1328,CN-09,9,CN,"{""type"":""Point"",""coordinates"":"
18,-99999,-99999,-99999,-99999,-99999,-99999,-99999,-753,-472,-99999,-99999,591,-99999,749,-99999,1149,682,475,-99999,826,-99999,-99999,-99999,-99999,-99999,-99999,-99999,-99999,-99999,-99999,-99999,-99999,-99999,-486,-296,241,-99999,678,917,619,884,775,270,-99999,-99999,-99999,-99999,-99999,-99999,-99999,-99999,-99999,-99999,-99999,-433,-99999,-99999,476,-99999,657,845,1048,1798,1073,429,612,-58,-99999,-99999,-99999,-99999,-99999,-99999,-99999,-99999,-517,59,140,-99999,575,977,871,1284,1171,820,CN-10,10,CN,"{""type"":""Point"",""coordinates"":"
19,-99999,-99999,-99999,-99999,-99999,-99999,-99999,-99999,-472,-99999,-99999,-99999,-99999,-99999,972,1149,651,756,-99999,1066,-99999,-99999,-99999,-99999,-99999,-99999,-99999,-99999,-99999,-99999,-99999,-458,-99999,-99999,-99999,-99999,-99999,-99999,920,727,1199,1092,1325,-99999,-99999,-99999,-99999,-99999,-99999,-99999,-99999,-99999,-99999,-99999,-418,-253,-99999,817,-99999,948,1420,700,1535,1074,902,-99999,252,-99999,-99999,-99999,-99999,-99999,-99999,-99999,-99999,-124,-99999,-99999,-99999,-99999,-99999,-99999,1150,-99999,632,CN-11,11,CN,"{""type"":""Point"",""coordinates"":"
0000000000000000001a,-99999,-99999,-99999,-99999,-99999,-99999,-99999,-341,-329,-99999,-99999,651,-99999,749,-99999,697,867,475,-99999,1038,-99999,-99999,-99999,-99999,-99999,-99999,-99999,-99999,-99999,-99999,-99999,-99999,-99999,-375,730,241,-99999,449,1081,510,884,1007,627,-99999,-99999,-99999,-99999,-99999,-99999,-99999,-99999,-99999,-99999,-99999,-376,-99999,-99999,476,-99999,659,1310,1048,1596,679,435,368,156,-99999,-99999,-99999,-99999,-99999,-99999,-99999,-99999,-352,59,312,-99999,389,453,643,862,1171,736,CN-12,12,CN,"{""type"":""Point"",""coordinates"":"
0000000000000000001b,-99999,-99999,-99999,-99999,-99999,-99999,-99999,-99999,-449,-271,-99999,-99999,-99999,-99999,-99999,1093,1121,811,807,1026,-99999,-99999,-99999,-99999,-99999,-99999,-99999,-99999,-99999,-99999,-99999,-419,-636,-376,-99999,-99999,-99999,1078,-99999,-99999,1199,1179,1262,-99999,-99999,-99999,-99999,-99999,-99999,-99999,-99999,-99999,-99999,-99999,-99999,-99999,-99999,821,-99999,948,1134,1098,1535,1043,1181,-99999,305,-99999,-99999,-99999,-99999,-99999,-99999,-99999,-99999,-99999,-63,-99999,-99999,-99999,1018,939,1053,1516,1204,CN-13,13,CN,"{""type"":""Point"",""coordinates"":"
0000000000000000001c,-99999,-99999,-99999,-99999,-99999,-99999,-99999,-661,-615,-511,-99999,-99999,-99999,636,-99999,593,482,-99999,-99999,864,-99999,-99999,-99999,-99999,-99999,-99999,-99999,-99999,-99999,-99999,-99999,-99999,-99999,-687,-99999,-99999,-99999,424,-99999,-99999,536,525,907,-99999,-99999,-99999,-99999,-99999,-99999,-99999,-99999,-99999,-99999,-99999,80,-593,-99999,496,-99999,638,570,603,1049,717,347,436,-99999,-99999,-99999,-99999,-99999,-99999,-99999,-99999,-99999,-99999,-827,-439,-99999,-99999,681,364,686,1106,546,CN-14,14,CN,"{""type"":""Point"",""coordinates"":"
0000000000000000001d,-99999,-99999,-99999,-99999,-99999,-99999,-99999,-517,-487,-99999,1026,1234,1360,1227,1931,1613,1703,979,1209,1602,1168,-99999,-99999,-99999,-99999,-99999,-99999,-99999,-99999,-99999,-609,-518,-99999,-99999,-99999,883,1329,886,1852,1432,1303,1582,1490,-99999,-99999,-99999,-99999,-99999,-99999,-99999,-99999,-99999,-99999,-99999,-99999,252,1063,1496,1483,1225,1390,1327,1599,1255,1311,1055,-99999,1617,-99999,-99999,149,-99999,-99999,-99999,-99999,-99999,111,545,1140,1400,1573,1825,1401,1857,1328,CN-15,15,CN,"{""type"":""Point"",""coordinates"":"
0000000000000000001e,-99999,-99999,-432,-99999,-99999,-99999,-99999,-845,-99999,449,290,-99999,-99999,644,837,536,768,1170,1061,713,1323,-99999,-99999,-99999,-99999,-99999,-99999,-99999,-99999,-99999,-842,-99999,-570,-703,-99999,-99999,-99999,360,829,812,169,429,644,560,-99999,-99999,-99999,-99999,-99999,-99999,-99999,-99999,-99999,-797,-993,-536,-99999,592,250,718,972,907,792,698,480,645,-99999,-439,-99999,-99999,-444,-99999,-99999,-99999,-99999,-285,-399,-99999,-76,-99999,-99999,844,747,802,749,GB-01,1,GB,"{""type"":""Point"",""coordinates"":"
0000000000000000001f,-99999,-99999,-99999,-99999,-99999,-99999,-99999,-228,-223,341,1847,2747,2068,2014,1704,1677,1616,1491,1438,1752,1188,-99999,-99999,-99999,-99999,-99999,-99999,-99999,-99999,-99999,-810,-490,-564,486,2522,2321,2124,1782,2662,1768,1598,1405,1918,1454,-99999,-99999,-99999,-99999,-99999,-99999,-99999,-99999,-99999,-288,313,827,1801,2396,1593,2279,1936,2303,1560,1576,1352,1496,-99999,2848,-99999,-99999,-99999,-99999,-99999,-99999,-99999,-99999,-327,95,1339,1899,1756,2280,1928,1599,2157,GB-02,2,GB,"{""type"":""Point"",""coordinates"":"
20,-99999,-99999,-99999,-99999,-99999,-99999,-99999,-567,-629,-84,290,270,-99999,644,551,804,604,909,637,774,-99999,-99999,-99999,-99999,-99999,-99999,-99999,-99999,-99999,-99999,-99999,-99999,-99999,305,-99999,-99999,312,560,461,812,169,429,479,576,-99999,-99999,-99999,-99999,-99999,-99999,-99999,-99999,-99999,-879,-508,-536,-99999,474,793,519,972,973,827,698,735,645,-99999,-49,-99999,-99999,-99999,-99999,-99999,-99999,-99999,-99999,-557,-1017,-99999,-99999,-99999,844,747,802,562,GB-03,3,GB,"{""type"":""Point"",""coordinates"":"
21,-99999,-99999,-99999,-99999,-99999,-99999,-99999,-99999,-99999,-592,-99999,581,902,1072,879,804,776,731,878,829,-99999,-99999,-99999,-99999,-99999,-99999,-99999,-99999,-99999,-99999,-99999,-99999,-876,-135,-565,-99999,559,882,890,957,767,712,746,744,-99999,-99999,-99999,-99999,-99999,-99999,-99999,-99999,-99999,-756,-99999,-99,348,681,793,604,716,1375,1033,610,931,700,-99999,-99999,-99999,-99999,-99999,-99999,-99999,-99999,-99999,-99999,-488,-367,-99999,847,-99999,918,727,705,667,GB-04,4,GB,"{""type"":""Point"",""coordinates"":"
22,-99999,-99999,-99999,-99999,-99999,-99999,-99999,-850,-99999,-99999,-99999,899,767,1272,1175,680,1383,860,1184,443,475,-99999,-99999,-99999,-99999,-99999,-99999,-99999,-99999,-99999,-99999,-99999,-874,-440,2,-99999,1253,1388,972,1134,676,1152,1198,801,-99999,-99999,-99999,-99999,-99999,-99999,-99999,-99999,-99999,-726,-633,-99999,170,1224,1037,1269,610,1536,1332,1127,965,848,-99999,-99999,-99999,-99999,-99999,-99999,-99999,-99999,-99999,-99999,-99999,-514,-99999,279,1167,1281,1397,1538,577,GB-05,5,GB,"{""type"":""Point"",""coordinates"":"
23,-99999,-99999,-99999,-99999,-99999,-99999,-99999,-850,-99999,-99999,-99999,899,767,1272,1175,680,1383,860,1184,443,475,-99999,-99999,-99999,-99999,-99999,-99999,-99999,-99999,-99999,-99999,-99999,-874,-440,2,-99999,1253,1388,972,1134,676,1152,1198,801,-99999,-99999,-99999,-99999,-99999,-99999,-99999,-99999,-99999,-726,-633,-99999,170,1224,1037,1269,610,1536,1332,1127,965,848,-99999,-99999,-99999,-99999,-99999,-99999,-99999,-99999,-99999,-99999,-99999,-514,-99999,279,1167,1281,1397,1538,577,GB-06,6,GB,"{""type"":""Point"",""coordinates"":"
24,-99999,-99999,-99999,-99999,-99999,-99999,-99999,-1117,-99999,-830,-99999,-99999,607,462,751,536,726,909,1058,716,-99999,-99999,-99999,-99999,-99999,-99999,-99999,-99999,-99999,-99999,-99999,-99999,-882,-827,-99999,-99999,64,218,410,650,169,456,636,1011,-99999,-99999,-99999,-99999,-99999,-99999,-99999,-99999,-99999,-99999,-99999,-496,-99999,105,250,718,743,704,811,703,632,650,-99999,-99999,-99999,-99999,-99999,-99999,-99999,-99999,-99999,-99999,-543,-451,-416,451,1045,743,725,965,747,GB-07,7,GB,"{""type"":""Point"",""coordinates"":"
25,-99999,-99999,-99999,-99999,-99999,-300,-99999,175,114,-99999,853,1373,1266,1171,1457,915,1559,1231,1005,943,1188,-99999,-99999,-99999,-99999,-99999,-99999,-99999,-99999,-99999,-678,-306,421,413,1001,1041,1988,1286,1185,1426,889,957,1095,1144,-99999,-99999,-99999,-99999,-99999,-99,-99999,-99999,-99999,-351,296,752,883,1111,1204,1303,1125,1456,1029,955,1109,1077,-99999,569,-99999,-99999,-99999,-99999,-99999,-99999,-99999,-99999,309,664,-99999,1899,1134,1609,1928,1117,1285,GB-08,8,GB,"{""type"":""Point"",""coordinates"":"
26,-99999,-99999,-99999,-99999,-99999,-99999,-99999,-228,-223,341,1847,2747,2068,2014,1704,1677,1616,1491,1438,1752,1188,-99999,-99999,-99999,-99999,-99999,-99999,-99999,-99999,-99999,-810,-490,-564,486,2522,2321,2124,1782,2662,1768,1598,1405,1918,1454,-99999,-99999,-99999,-99999,-99999,-99999,-99999,-99999,-99999,-288,313,827,1801,2396,1593,2279,1936,2303,1560,1576,1352,1496,-99999,2848,-99999,-99999,-99999,-99999,-99999,-99999,-99999,-99999,-327,95,1339,1899,1756,2280,1928,1599,2157,GB-09,9,GB,"{""type"":""Point"",""coordinates"":"
27,-99999,-99999,-99999,-99999,-99999,-99999,-99999,-845,57,-84,290,1306,-99999,1215,1102,804,942,1660,1149,571,-99999,-99999,-99999,-99999,-99999,-99999,-99999,-99999,-99999,-99999,-99999,-99999,-99999,55,-99999,-99999,947,1435,1462,812,771,1020,765,1223,-99999,-99999,-99999,-99999,-99999,-99999,-99999,-99999,-99999,-565,-631,-536,-99999,677,718,1180,973,999,943,1351,735,645,-99999,658,-99999,-99999,-99999,-99999,-99999,-99999,-99999,-99999,-345,-69,-99999,-99999,-99999,1409,1125,1277,1124,GB-10,10,GB,"{""type"":""Point"",""coordinates"":"
28,-99999,-99999,-99999,-99999,-99999,-99999,-432,-494,-99999,44,515,888,1434,1694,1662,1975,1572,1248,1115,1522,1404,-99999,-99999,-99999,-99999,-99999,-99999,-99999,-99999,-99999,-99999,-577,-490,79,-99999,1208,1397,1807,1967,1956,1071,973,910,970,-99999,-99999,-99999,-99999,-99999,-99999,-99999,-99999,-99999,-712,-405,-603,-99999,1028,1066,1417,1556,1995,1738,1314,1350,797,-99999,-99999,-99999,-99999,-99999,-99999,-99999,-99999,-99999,-99999,-313,16,-99999,738,1824,1193,1040,1661,1748,GB-11,11,GB,"{""type"":""Point"",""coordinates"":"
29,-99999,-99999,-99999,-99999,-99999,-99999,-619,-13,-25,-99999,2084,2747,2516,3114,2489,2569,2258,1578,1379,2250,1542,-99999,-99999,-99999,-99999,-99999,-99999,-99999,-99999,-99999,-694,-99999,-99999,711,2396,2314,3310,3325,3443,2896,2689,1765,1918,2164,-99999,-99999,-99999,-99999,-99999,-99999,-99999,-99999,-99999,-213,696,827,1948,2396,2640,2279,1936,2666,2619,1616,1923,1974,1114,2848,-99999,-99999,-99999,-99999,-99999,-99999,-99999,-406,-59,400,1852,2998,2317,2830,3191,3385,2505,GB-12,12,GB,"{""type"":""Point"",""coordinates"":"
0000000000000000002a,-99999,-99999,-99999,-99999,-99999,-99999,-99999,-107,-99999,2727,2757,3273,3164,2941,3242,1094,3045,1209,1944,2885,-99999,-99999,-99999,-99999,-99999,-99999,-99999,-99999,-99999,-99999,-41,-99999,104,-99999,2522,2497,3161,3581,3466,3212,1444,2822,2354,2940,-99999,-99999,-99999,-99999,-99999,-99999,-99999,-99999,-99999,-285,-99999,2359,1859,3088,2882,3213,2163,3055,1921,2194,2951,2563,-99999,2848,-99999,-99999,-99999,-99999,-99999,-99999,-99999,17,141,-99999,2243,3007,2706,3466,3188,3055,1616,GB-13,13,GB,"{""type"":""Point"",""coordinates"":"
0000000000000000002b,-99999,-99999,-432,-99999,-99999,-99999,-99999,-845,-99999,449,290,-99999,-99999,644,837,536,768,1170,1061,713,1323,-99999,-99999,-99999,-99999,-99999,-99999,-99999,-99999,-99999,-842,-99999,-570,-703,-99999,-99999,-99999,360,829,812,169,429,644,560,-99999,-99999,-99999,-99999,-99999,-99999,-99999,-99999,-99999,-797,-993,-536,-99999,592,250,718,972,907,792,698,480,645,-99999,-439,-99999,-99999,-444,-99999,-99999,-99999,-99999,-285,-399,-99999,-76,-99999,-99999,844,747,802,749,GB-14,14,GB,"{""type"":""Point"",""coordinates"":"
0000000000000000002c,-99999,-99999,-99999,-99999,-99999,-99999,-619,-13,-25,-99999,2084,2747,2516,3114,2489,2569,2258,1578,1379,2250,1542,-99999,-99999,-99999,-99999,-99999,-99999,-99999,-99999,-99999,-694,-99999,-99999,711,2396,2314,3310,3325,3443,2896,2689,1765,1918,2164,-99999,-99999,-99999,-99999,-99999,-99999,-99999,-99999,-99999,-213,696,827,1948,2396,2640,2279,1936,2666,2619,1616,1923,1974,1114,2848,-99999,-99999,-99999,-99999,-99999,-99999,-99999,-406,-59,400,1852,2998,2317,2830,3191,3385,2505,GB-15,15,GB,"{""type"":""Point"",""coordinates"":"
0000000000000000002d,-99999,-99999,2089,2037,-99999,-99999,2125,-99999,2489,2390,2414,2200,2374,2652,2224,2504,2603,2798,2516,2408,2502,-99999,2066,2066,1978,-99999,-99999,-99999,1889,-99999,2698,2481,-99999,-99999,2771,2405,2726,3073,2963,3000,2799,2617,2885,2573,-99999,-99999,1992,-99999,3060,2200,-99999,2229,-99999,-99999,-99999,-99999,-99999,2811,2289,2436,2247,2482,2313,2446,2753,2744,2801,2420,-99999,-99999,2446,2452,2634,2579,2156,2138,2631,2694,2473,2632,2156,2531,2729,-99999,2327,LN-01,1,LN,"{""type"":""Point"",""coordinates"":"
0000000000000000002e,-99999,-99999,-99999,-99999,-99999,-99999,-99999,-99999,-609,-99999,-99999,-99999,-99999,-99999,885,823,830,-99999,-99999,-99999,-99999,-99999,-99999,-99999,-99999,-99999,-99999,-99999,-99999,-99999,-99999,-99999,-99999,-99999,-539,-99999,-99999,-99999,771,-99999,811,883,-99999,-99999,-99999,-99999,-99999,-99999,-99999,-99999,-99999,-99999,-99999,-99999,-99999,-60,140,603,-99999,-99999,-99999,-99999,-99999,-99999,675,-99999,777,-99999,-99999,-99999,-99999,-99999,-99999,-99999,-99999,-99999,-99999,-99999,-99999,-99999,-99999,-99999,-99999,-99999,-99999,LN-02,2,LN,"{""type"":""Point"",""coordinates"":"
0000000000000000002f,-99999,-99999,-99999,-99999,-99999,-99999,-99999,-270,-99999,-99999,-99999,-99999,-99999,903,885,858,814,-99999,-99999,-99999,-99999,-99999,-99999,-99999,-99999,-99999,-99999,-99999,-99999,-99999,-99999,-99999,-99999,-211,-75,141,-99999,975,-99999,-99999,1023,1176,-99999,-99999,-99999,-99999,-99999,-99999,-99999,-99999,-99999,-99999,-99999,-99999,-207,-99999,-99999,-99999,770,921,1437,924,-99999,-99999,792,900,-99999,-99999,-99999,-99999,-99999,-99999,-99999,-99999,-99999,-99999,-99999,-99999,-99999,-99999,-99999,-99999,-99999,-99999,1062,LN-03,3,LN,"{""type"":""Point"",""coordinates"":"
30,-99999,-99999,966,-99999,-99999,-99999,-99999,-99999,-99999,-99999,-99999,-99999,-99999,-99999,2354,1651,3069,-99999,-99999,1572,2985,-99999,-99999,-99999,-99999,-99999,-99999,-99999,-99999,-99999,-53,-99999,-99999,-99999,-99999,-99999,-99999,-99999,2744,-99999,3600,4443,2170,2862,-99999,-99999,-99999,-99999,-99999,-99999,-99999,-99999,-99999,-99999,1653,-99999,-99999,-99999,2003,-99999,-99999,1610,2319,-99999,-99999,3460,244,1748,-99999,-99999,-99999,-99999,899,-99999,-99999,-99999,2482,-99999,-99999,-99999,-99999,-99999,-99999,-99999,1863,LN-04,4,LN,"{""type"":""Point"",""coordinates"":"
31,-99999,-99999,2872,-99999,-99999,-99999,1957,-99999,2489,2091,2078,2373,-99999,-99999,2945,2562,2792,2802,2282,2462,2311,-99999,2066,2066,-99999,-99999,-99999,1518,2231,-99999,-99999,-99999,-99999,-99999,2308,2228,2316,2262,3211,2696,2404,3184,2885,2528,1869,-99999,1700,-99999,2545,-99999,2519,2271,-99999,2332,-99999,2398,2147,2325,2454,2436,2247,2244,-99999,2373,2519,2913,3115,2972,2994,-99999,2351,2452,2859,2511,-99999,-99999,2175,2235,2991,2462,2041,-99999,2119,-99999,2924,LN-05,5,LN,"{""type"":""Point"",""coordinates"":"
32,-99999,1860,5439,1928,-99999,-99999,-99999,-99999,-99999,3322,-99999,-99999,4636,2810,4217,5236,4463,-99999,3266,4963,3657,-99999,-99999,-99999,-99999,-99999,-99999,-99999,-99999,1554,2420,1912,3169,-99999,-99999,3028,-99999,-99999,4437,5045,3354,4617,3381,3377,-99999,-99999,-99999,2032,2946,-99999,-99999,-99999,779,2415,3035,1798,2541,-99999,-99999,4899,-99999,4191,2072,2403,4474,2325,6967,3389,4247,-99999,-99999,-99999,3149,-99999,3247,2745,4523,4398,-99999,-99999,-99999,-99999,4565,-99999,2227,LN-06,6,LN,"{""type"":""Point"",""coordinates"":"
33,-99999,-99999,3981,-99999,-99999,-99999,-99999,-99999,-99999,-99999,-99999,-99999,-99999,-99999,2354,3212,3070,-99999,-99999,4518,1496,-99999,-99999,-99999,-99999,-99999,-99999,-99999,-99999,-99999,1295,-99999,-99999,-99999,-99999,-99999,-99999,-99999,2732,-99999,3600,3163,2059,1701,-99999,-99999,-99999,-99999,-99999,-99999,-99999,-99999,-99999,-99999,2161,-99999,-99999,-99999,3549,-99999,-99999,3571,1150,-99999,-99999,3655,2389,1318,-99999,-99999,-99999,-99999,1258,-99999,-99999,-99999,2482,-99999,-99999,-99999,-99999,-99999,-99999,-99999,3215,LN-07,7,LN,"{""type"":""Point"",""coordinates"":"
34,-99999,-99999,-99999,-99999,-99999,-99999,-99999,123,-99999,-99999,-99999,-99999,-99999,967,944,986,927,-99999,-99999,-99999,-99999,-99999,-99999,-99999,-99999,-99999,-99999,-99999,-99999,-99999,-99999,-99999,-99999,-91,560,141,-99999,995,-99999,-99999,1116,1176,-99999,-99999,-99999,-99999,-99999,-99999,-99999,-99999,-99999,-99999,-99999,-99999,188,-99999,-99999,-99999,995,960,523,924,-99999,-99999,1332,1136,-99999,-99999,-99999,-99999,-99999,-99999,-99999,-99999,-99999,-99999,-99999,-99999,-99999,-99999,-99999,-99999,-99999,-99999,1106,LN-08,8,LN,"{""type"":""Point"",""coordinates"":"
35,-99999,-99999,2872,-99999,-99999,-99999,1957,-99999,2489,2091,2078,2373,-99999,-99999,2945,2562,2792,2802,2282,2462,2311,-99999,2066,2066,-99999,-99999,-99999,1518,2231,-99999,-99999,-99999,-99999,-99999,2308,2228,2316,2262,3211,2696,2404,3184,2885,2528,1869,-99999,1700,-99999,2545,-99999,2519,2271,-99999,2332,-99999,2398,2147,2325,2454,2436,2247,2244,-99999,2373,2519,2913,3115,2972,2994,-99999,2351,2452,2859,2511,-99999,-99999,2175,2235,2991,2462,2041,-99999,2119,-99999,2924,LN-09,9,LN,"{""type"":""Point"",""coordinates"":"
36,-99999,-99999,2089,2037,-99999,-99999,2125,-99999,2489,2390,2414,2200,2374,2652,2224,2504,2603,2798,2516,2408,2502,-99999,2066,2066,1978,-99999,-99999,-99999,1889,-99999,2698,2481,-99999,-99999,2771,2405,2726,3073,2963,3000,2799,2617,2885,2573,-99999,-99999,1992,-99999,3060,2200,-99999,2229,-99999,-99999,-99999,-99999,-99999,2811,2289,2436,2247,2482,2313,2446,2753,2744,2801,2420,-99999,-99999,2446,2452,2634,2579,2156,2138,2631,2694,2473,2632,2156,2531,2729,-99999,2327,LN-10,10,LN,"{""type"":""Point"",""coordinates"":"
37,-99999,977,-99999,-99999,-99999,-99999,-45,-99999,-99999,-99999,-99999,-99999,-99999,-99999,1301,-99999,1319,-99999,-99999,754,-99999,-99999,-99999,-99999,-99999,-99999,-99999,-99999,-99999,-99999,-327,-99999,-350,-99999,-99999,-99999,-99999,-99999,-99999,-99999,1183,2017,-99999,763,-99999,-99999,-99999,-99999,-99999,-99999,-99999,-99999,-99999,-99999,-99999,-99999,-99999,-99999,-99999,-99999,-99999,-99999,-99999,-99999,2933,1298,-99999,-99999,-99999,-99999,-99999,-99999,-99999,-99999,15,-99999,-99999,-99999,-99999,-99999,-99999,-99999,-99999,-99999,1198,LN-11,11,LN,"{""type"":""Point"",""coordinates"":"
38,-99999,-99999,-99999,-99999,-99999,-99999,1356,-99999,-99999,-99999,-99999,-99999,-99999,-99999,1040,1456,2121,-99999,-99999,1406,-99999,-99999,-99999,-99999,-99999,-99999,-99999,-99999,-99999,-99999,56,-99999,-99999,473,-99999,-99999,-99999,-99999,-99999,1961,2122,2017,-99999,-99999,-99999,-99999,-99999,-99999,-99999,-99999,-99999,-99999,-99999,-99999,616,-99999,-99999,-99999,-99999,1122,-99999,-99999,-99999,3160,2933,-99999,1798,-99999,-99999,-99999,-99999,-99999,-99999,-99999,1597,-99999,-99999,-99999,-99999,-99999,-99999,-99999,-99999,-99999,-99999,LN-12,12,LN,"{""type"":""Point"",""coordinates"":"
39,-99999,-99999,-99999,-99999,-99999,-99999,-99999,-99999,-609,-99999,-99999,-99999,-99999,-99999,885,823,830,-99999,-99999,-99999,-99999,-99999,-99999,-99999,-99999,-99999,-99999,-99999,-99999,-99999,-99999,-99999,-99999,-99999,-539,-99999,-99999,-99999,771,-99999,811,883,-99999,-99999,-99999,-99999,-99999,-99999,-99999,-99999,-99999,-99999,-99999,-99999,-99999,-60,140,603,-99999,-99999,-99999,-99999,-99999,-99999,675,-99999,777,-99999,-99999,-99999,-99999,-99999,-99999,-99999,-99999,-99999,-99999,-99999,-99999,-99999,-99999,-99999,-99999,-99999,-99999,LN-13,13,LN,"{""type"":""Point"",""coordinates"":"
0000000000000000003a,-99999,-99999,-99999,-99999,-99999,-99999,-99999,-612,-99999,-99999,-99999,-99999,-99999,-99999,885,-99999,814,-99999,-99999,-99999,-99999,-99999,-99999,-99999,-99999,-99999,-99999,-99999,-99999,-99999,-99999,-99999,-99999,-344,-335,-99999,-99999,-99999,-99999,1006,1255,-99999,-99999,-99999,-99999,-99999,-99999,-99999,-99999,-99999,-99999,-99999,-99999,-99999,-99999,-261,140,615,-99999,949,-99999,-99999,-99999,-99999,719,900,-99999,-99999,-99999,-99999,-99999,-99999,-99999,-99999,-99999,-99999,-99999,-99999,-99999,-99999,-99999,-99999,-99999,-99999,1062,LN-14,14,LN,"{""type"":""Point"",""coordinates"":"
0000000000000000003b,-99999,-99999,-99999,-99999,-99999,-99999,-99999,-99999,-824,-99999,-99999,-99999,-99999,-99999,855,823,830,-99999,-99999,-99999,-99999,-99999,-99999,-99999,-99999,-99999,-99999,-99999,-99999,-99999,-99999,-99999,-99999,-99999,-539,-99999,-99999,-99999,771,-99999,1219,710,-99999,-99999,-99999,-99999,-99999,-99999,-99999,-99999,-99999,-99999,-99999,-99999,-99999,-337,-121,603,-99999,-99999,-99999,-99999,-99999,-99999,760,-99999,462,-99999,-99999,-99999,-99999,-99999,-99999,-99999,-99999,-99999,-99999,-99999,-99999,-99999,-99999,-99999,-99999,-99999,-99999,LN-15,15,LN,"{""type"":""Point"",""coordinates"":"
0000000000000000003c,2910,2411,2982,2708,2155,2830,2825,2632,2540,2239,2134,2271,2460,2113,2250,2233,2376,2130,2579,2379,2156,-99999,2554,2554,2567,-99999,-99999,2078,2134,2337,2835,2703,2621,2355,2403,2218,2413,2259,2827,2265,2253,2371,2494,2812,2855,3385,3267,2178,2192,2450,3246,2306,2982,3153,2641,2689,2579,2449,2333,2284,2311,2154,2088,2635,2237,2297,2867,2534,3161,2263,2134,2964,2487,2067,2195,2098,2199,2059,2055,2222,2075,2035,2149,1858,2098,OL-01,1,OL,"{""type"":""Point"",""coordinates"":"
0000000000000000003d,1563,2054,2223,1587,1804,2626,2053,2120,1998,1706,1604,1744,1605,1575,1512,1538,1690,1532,1773,1567,1789,1674,1382,1632,1709,-99999,-99999,2014,1856,2147,2326,2165,2147,1743,1822,1802,1662,1621,1998,1725,1696,1686,1762,1919,1433,3033,2099,1829,1632,1909,2950,2296,2451,2746,2234,2269,2121,1987,1683,1751,1642,2220,1700,2106,1875,1868,2041,1681,1866,2070,1637,1640,1629,1485,1465,1533,1572,1513,1425,1432,1597,1378,1372,1300,1360,OL-02,2,OL,"{""type"":""Point"",""coordinates"":"
0000000000000000003e,2683,2862,3036,3016,1999,2873,2838,2474,2814,2787,2691,2733,2605,2542,1925,2711,2599,2644,2579,2798,2650,-99999,2636,2636,2567,-99999,2430,1995,2826,2799,2934,3143,2856,2732,2791,2763,2262,2780,2827,2871,2791,2602,2652,2725,2197,-99999,2685,2682,3084,2859,3739,2982,2999,3344,3097,3091,3021,2860,2145,2794,2374,2725,2505,2778,2141,2553,2867,2595,2462,2136,2537,2717,2664,1961,2069,2509,2538,2359,2541,2346,2354,2349,1979,2449,2321,OL-03,3,OL,"{""type"":""Point"",""coordinates"":"
0000000000000000003f,2105,2033,2317,2088,1987,2229,2681,2066,2118,2045,1920,1741,1672,1817,1912,1844,1824,2019,1823,1924,1888,1844,1743,1743,1667,-99999,1526,1783,1934,2339,2529,2334,2295,2142,2179,2164,2024,2124,2135,2202,2282,2111,2121,2065,1957,2412,2072,1945,1952,2404,2333,2435,2592,2775,2366,2396,2300,2021,1971,1925,1877,2127,2032,2160,2010,2037,1919,1872,1959,2257,1907,1861,1781,1720,1789,1638,1683,1812,1711,1568,1695,1775,1716,1652,1799,OL-04,4,OL,"{""type"":""Point"",""coordinates"":"
40,4889,-99999,-99999,-99999,-99999,-99999,-99999,3261,3516,3428,3341,3680,4261,3448,4145,3878,3613,3391,3724,3597,4992,-99999,-99999,-99999,-99999,-99999,-99999,-99999,-99999,-99999,-99999,-99999,2309,4333,3327,3910,3743,3568,3885,3801,3897,4234,3764,3755,-99999,-99999,-99999,-99999,-99999,-99999,1656,-99999,-99999,-99999,-99999,3705,3468,2919,3703,3792,4080,3310,3549,4577,3802,4552,3941,3637,4436,3604,-99999,-99999,1587,1641,3439,3604,3519,3514,3617,3881,2731,4188,4033,3936,4219,OL-05,5,OL,"{""type"":""Point"",""coordinates"":"
41,1761,1721,2970,2197,1971,2085,2002,2143,2254,2035,1978,2252,2419,2011,2124,1717,2020,1936,2169,2162,2223,-99999,2268,2268,1843,-99999,1812,1747,3014,2308,2408,2465,2668,2573,2348,2396,2367,2225,2834,2306,2192,2278,2239,2287,1977,3722,2311,2050,2040,2352,2425,2534,2361,2577,2654,2700,2693,2435,2261,2310,2171,3226,2045,2504,2016,2153,2468,2221,2198,2099,2686,2147,2231,2024,2230,2176,2110,2165,2072,2026,1790,2019,2312,2300,1994,OL-06,6,OL,"{""type"":""Point"",""coordinates"":"
42,5252,4198,4697,4329,3658,4138,3617,3174,3834,3287,3391,3438,3333,4273,3481,3527,3836,3941,4038,3805,3998,2763,4960,4960,-99999,-99999,-99999,-99999,1735,2204,4102,3884,4272,3427,3581,3597,3648,3748,4666,4695,3798,4968,3798,4827,4072,5656,4263,3852,5323,3539,2961,5411,1884,3462,3723,3958,3706,3494,3625,3408,3717,4787,3894,4584,3829,4292,5125,3602,5268,5725,4237,4479,4643,4169,3647,3704,3793,3690,4066,3386,3511,3553,3923,3493,3772,OL-07,7,OL,"{""type"":""Point"",""coordinates"":"
43,1761,1721,2970,2197,1971,2085,2002,2143,2254,2035,1978,2252,2419,2011,2124,1717,2020,1936,2169,2162,2223,-99999,2268,2268,1843,-99999,1812,1747,3014,2308,2408,2465,2668,2573,2348,2396,2367,2225,2834,2306,2192,2278,2239,2287,1977,3722,2311,2050,2040,2352,2425,2534,2361,2577,2654,2700,2693,2435,2261,2310,2171,3226,2045,2504,2016,2153,2468,2221,2198,2099,2686,2147,2231,2024,2230,2176,2110,2165,2072,2026,1790,2019,2312,2300,1994,OL-08,8,OL,"{""type"":""Point"",""coordinates"":"
44,4525,-99999,2256,-99999,-99999,-99999,-99999,-99999,-99999,2695,2360,3158,3825,4201,2383,3055,3888,2327,2827,3683,4611,-99999,-99999,-99999,-99999,-99999,-99999,-99999,-99999,-99999,-99999,-99999,-99999,2213,3687,2347,3949,3651,3740,4149,3303,3298,3206,4661,-99999,-99999,-99999,-99999,-99999,-99999,-99999,-99999,-99999,1133,1040,-99999,2972,2010,2679,2444,2886,2142,2803,3621,2354,3867,4229,4296,4004,-99999,-99999,-99999,842,-99999,2265,1491,2285,3615,2483,2091,3699,4269,3131,3916,3387,OL-09,9,OL,"{""type"":""Point"",""coordinates"":"
45,3827,-99999,2856,-99999,-99999,-99999,2957,3170,3417,3682,4211,4302,4493,4299,4273,3897,3664,3565,3426,3520,3382,-99999,-99999,-99999,-99999,-99999,-99999,-99999,-99999,-99999,-99999,-99999,3485,3705,4046,4599,4715,4697,4883,4315,3689,3452,3372,3865,-99999,-99999,-99999,-99999,-99999,-99999,720,-99999,-99999,567,3173,3937,4013,4154,4092,3989,4240,4007,3745,3780,3656,3491,3595,3541,3331,3653,3532,-99999,1480,-99999,3338,3412,3258,3354,3875,4318,4089,4339,3873,3907,4154,OL-10,10,OL,"{""type"":""Point"",""coordinates"":"
46,4135,-99999,-99999,-99999,-99999,-99999,-99999,2614,-99999,3482,3082,3785,4213,3294,3380,3008,3613,3212,3000,3455,4992,-99999,-99999,-99999,-99999,-99999,-99999,-99999,-99999,-99999,37,-99999,2309,4090,3327,3443,2842,2808,3038,2792,3364,3400,3462,3755,-99999,-99999,-99999,-99999,-99999,-99999,1908,-99999,-99999,1705,-99999,2431,2829,2919,3378,2790,2948,3310,2432,2575,3042,4552,3753,3322,4436,3987,-99999,-99999,1085,671,3439,2992,3519,3514,3617,3708,2731,4188,4346,3084,3715,OL-11,11,OL,"{""type"":""Point"",""coordinates"":"
47,5252,4198,4697,4329,3658,4138,3617,3174,3834,3287,3391,3438,3333,4273,3481,3527,3836,3941,4038,3805,3998,2763,4960,4960,-99999,-99999,-99999,-99999,1735,2204,4102,3884,4272,3427,3581,3597,3648,3748,4666,4695,3798,4968,3798,4827,4072,5656,4263,3852,5323,3539,2961,5411,1884,3462,3723,3958,3706,3494,3625,3408,3717,4787,3894,4584,3829,4292,5125,3602,5268,5725,4237,4479,4643,4169,3647,3704,3793,3690,4066,3386,3511,3553,3923,3493,3772,OL-12,12,OL,"{""type"":""Point"",""coordinates"":"
48,4525,-99999,-99999,-99999,-99999,-99999,-99999,-99999,3336,3543,3247,3928,3825,4201,4088,3921,3888,2200,3672,3683,4611,-99999,-99999,-99999,-99999,-99999,-99999,-99999,-99999,-99999,-99999,-99999,-99999,2112,3678,3264,3949,3651,3740,4149,3303,4336,4258,4661,-99999,-99999,-99999,-99999,-99999,-99999,-99999,-99999,-99999,1133,-99999,2475,2972,3098,3623,3507,3981,3494,3947,3621,3926,4599,4229,5092,4004,-99999,-99999,-99999,-99999,-99999,2711,3071,3356,3615,3586,3959,3699,4269,4139,3916,3387,OL-13,13,OL,"{""type"":""Point"",""coordinates"":"
49,4135,-99999,-99999,-99999,-99999,-99999,-99999,2614,-99999,3482,3082,3785,4213,3294,3380,3008,3613,3212,3000,3455,4992,-99999,-99999,-99999,-99999,-99999,-99999,-99999,-99999,-99999,37,-99999,2309,4090,3327,3443,2842,2808,3038,2792,3364,3400,3462,3755,-99999,-99999,-99999,-99999,-99999,-99999,1908,-99999,-99999,1705,-99999,2431,2829,2919,3378,2790,2948,3310,2432,2575,3042,4552,3753,3322,4436,3987,-99999,-99999,1085,671,3439,2992,3519,3514,3617,3708,2731,4188,4346,3084,3715,OL-14,14,OL,"{""type"":""Point"",""coordinates"":"
0000000000000000004a,5891,3429,4846,-99999,-99999,-99999,4729,4894,4206,4223,4581,4564,5079,4988,4914,4720,4797,4510,4676,4605,4501,-99999,-99999,-99999,-99999,-99999,-99999,-99999,-99999,-99999,-99999,7715,5336,4371,4622,5128,4923,4493,4828,4891,4532,4790,4587,5072,-99999,-99999,-99999,-99999,-99999,-99999,2295,-99999,-99999,-99999,4492,4596,4512,4689,4865,4661,4831,4744,4365,4851,4930,5084,5041,4943,5685,-99999,4331,-99999,2323,-99999,4293,4709,5081,4524,4252,4896,4325,4415,4536,4716,4042,OL-15,15,OL,"{""type"":""Point"",""coordinates"":"
0000000000000000004b,-99999,-99999,866,782,-99999,-335,571,944,2582,2687,2618,2112,2112,1328,2499,1899,2552,2338,2847,2854,2118,-99999,-99999,-99999,-99999,-99999,-99999,-99999,-99999,-99999,-99999,-69,-99999,-99999,1145,3075,2443,2595,2664,2545,2418,2166,3140,3518,-99999,-99999,-99999,-99999,-99999,-99999,-99999,-99999,-99999,-99999,1750,2354,2217,2247,2684,2482,2540,2588,2415,2386,3559,1906,2586,1832,-99999,-99999,-99999,-99999,-99999,-99999,-99999,-99999,2068,1873,2038,2079,2099,2405,2202,2514,1563,SW-01,1,SW,"{""type"":""Point"",""coordinates"":"
0000000000000000004c,-99999,-99999,-99999,-99999,-99999,-99999,-99999,-83,177,-99999,1443,1265,1401,1120,1234,1223,1225,1275,1754,1682,1075,-99999,-99999,-99999,-99999,-99999,-99999,-99999,-99999,-99999,-99999,-99999,-99999,-99999,-99999,1383,1172,1253,1503,1469,1540,1348,1737,2050,-99999,-99999,-99999,-99999,-99999,-99999,-99999,-99999,-99999,-99999,-99999,-99999,1557,1169,1276,1388,1490,1297,1161,1544,1725,2410,2530,729,-99999,-99999,-99999,-99999,-99999,-99999,-99999,-99999,-99999,909,1285,1054,1185,1189,1100,1428,1165,SW-02,2,SW,"{""type"":""Point"",""coordinates"":"
0000000000000000004d,-99999,-99999,-99999,-99999,-99999,-99999,-99999,-605,-409,-109,-99999,762,1024,862,1011,1072,895,1028,1027,882,515,-99999,-99999,-99999,-99999,-99999,-99999,-99999,-99999,-99999,-99999,-99999,-99999,-500,571,-99999,471,973,1144,757,863,973,918,1096,-99999,-99999,-99999,-99999,-99999,-99999,-99999,-99999,-99999,-801,-99999,-99999,-99999,1042,912,1072,901,800,1079,654,1089,746,-99999,911,-99999,-99999,-99999,-99999,-99999,-99999,-99999,-492,-183,-99999,-99999,818,1019,1349,827,986,1074,SW-03,3,SW,"{""type"":""Point"",""coordinates"":"
0000000000000000004e,-99999,-99999,866,782,-99999,-335,571,944,2582,2687,2618,2112,2112,1328,2499,1899,2552,2338,2847,2854,2118,-99999,-99999,-99999,-99999,-99999,-99999,-99999,-99999,-99999,-99999,-69,-99999,-99999,1145,3075,2443,2595,2664,2545,2418,2166,3140,3518,-99999,-99999,-99999,-99999,-99999,-99999,-99999,-99999,-99999,-99999,1750,2354,2217,2247,2684,2482,2540,2588,2415,2386,3559,1906,2586,1832,-99999,-99999,-99999,-99999,-99999,-99999,-99999,-99999,2068,1873,2038,2079,2099,2405,2202,2514,1563,SW-04,4,SW,"{""type"":""Point"",""coordinates"":"
0000000000000000004f,3695,-99999,2667,2111,938,1849,2701,2565,3436,3421,3183,3498,2876,2730,2539,2666,2657,2500,2871,2639,2856,-99999,-99999,1327,-99999,-99999,-99999,-99999,-8,1188,1873,3571,3978,3643,3532,3032,3215,3119,3357,3088,3253,3118,2615,3226,-99999,-99999,-99999,-99999,-99999,3403,-99999,2425,3028,5193,3505,3680,3667,3037,2937,2925,2812,3139,2807,2630,2708,2855,2840,2660,-99999,2935,2993,-99999,2215,2978,2435,2274,2507,2776,2713,2709,2363,2446,2372,2655,2097,SW-05,5,SW,"{""type"":""Point"",""coordinates"":"
50,-99999,-99999,-99999,-99999,-99999,-99999,-99999,-1029,-590,-331,-99999,622,-99999,875,553,766,667,499,506,854,680,-99999,-99999,-99999,-99999,-99999,-99999,-99999,-99999,-99999,-99999,-99999,-99999,-604,-554,-99999,302,419,639,661,434,583,350,650,-99999,-99999,-99999,-99999,-99999,-99999,-99999,-99999,-99999,-896,-99999,-120,-99999,623,698,572,708,573,429,654,486,960,-99999,409,-99999,-99999,-99999,-99999,-99999,-99999,-99999,-99999,-99999,-99999,430,818,696,546,441,500,1074,SW-06,6,SW,"{""type"":""Point"",""coordinates"":"
51,-99999,-99999,-99999,-99999,-99999,-99999,-99999,-436,356,-99999,1443,1265,930,1120,1332,1436,1225,766,1228,1625,1075,-99999,-99999,-99999,-99999,-99999,-99999,-99999,-99999,-99999,-99999,-99999,-553,-99999,1160,1111,-99999,1247,1503,1469,1078,1335,606,1118,-99999,-99999,-99999,-99999,-99999,-99999,-99999,-99999,-99999,-99999,-99999,-99999,1557,1169,1276,1190,905,1144,1161,1205,1725,1582,-99999,559,-99999,-99999,-99999,-99999,-99999,-99999,-99999,48,-99999,972,1285,1328,1043,884,1100,1331,1165,SW-07,7,SW,"{""type"":""Point"",""coordinates"":"
52,-99999,-99999,-99999,-99999,-99999,-99999,-245,-20,427,1670,1291,1896,2020,1489,2063,1229,1890,1748,1942,2804,7209,-99999,-99999,-99999,-99999,-99999,-99999,-99999,-99999,-99999,-456,-99999,376,-99999,-99999,1706,1737,1729,1506,1830,2045,2162,2738,3015,-99999,-99999,-99999,-99999,-99999,-99999,-99999,-99999,-99999,-99999,-99999,981,1648,1588,1627,2106,2053,1397,1432,1575,2922,2602,9107,4389,-99999,-99999,-99999,-99999,-99999,-99999,-99999,892,1115,1337,1178,1559,1909,1800,1458,1864,1418,SW-08,8,SW,"{""type"":""Point"",""coordinates"":"
53,-99999,-99999,3161,9347,-99999,1401,1751,2122,2447,1822,1974,2467,2075,2096,2232,2219,2530,2996,2660,2685,4063,-99999,-99999,-99999,-99999,-99999,-99999,-99999,-99999,-99999,196,600,1572,7288,2223,2486,2456,2487,2543,2706,3206,2610,3259,3805,-99999,-99999,-99999,-99999,-99999,-99999,-99999,-99999,-99999,-78,2364,2348,2244,2552,1795,2566,2010,2346,2044,2244,2589,-99999,7582,1647,-99999,-99999,-99999,-99999,-99999,-99999,215,816,4588,1648,1844,2531,1854,2199,2163,1843,2036,SW-09,9,SW,"{""type"":""Point"",""coordinates"":"
54,-99999,-99999,-99999,1948,-99999,-99999,-99999,1223,2548,2001,2719,2467,2112,2096,2587,1434,2632,2760,1920,2862,1272,-99999,-99999,-99999,-99999,-99999,-99999,-99999,-99999,-99999,-99999,-99999,342,2932,2847,2882,3132,2814,2185,2893,2601,2502,3393,2005,-99999,-99999,-99999,-99999,-99999,-99999,-99999,-99999,-99999,764,2558,2483,2289,2169,2472,2670,2436,2845,2489,2425,3559,2568,1458,1477,-99999,3707,-99999,-99999,-99999,-99999,538,911,2886,1600,2582,1729,2438,2463,2579,2136,1768,SW-10,10,SW,"{""type"":""Point"",""coordinates"":"
55,3140,2923,2620,2340,2192,1922,2695,2491,2682,2049,2469,2031,2085,2118,1959,1892,1958,2163,2106,2141,2175,1216,2791,-99999,1416,-99999,-99999,-99999,1415,3243,2312,2868,2416,2443,2363,2404,2240,2557,2428,2361,2257,2368,2252,2500,-99999,-99999,4308,1330,2079,2841,2397,2205,2082,2855,3003,2657,2519,2356,2242,2186,2042,2399,2008,2330,2061,2425,2823,2292,2233,1957,2313,-99999,1624,1850,1930,2288,2294,2131,1893,1880,1954,1910,2158,1766,1867,SW-11,11,SW,"{""type"":""Point"",""coordinates"":"
56,-99999,-99999,-99999,-99999,-99999,1054,2375,2641,2985,3681,3719,3522,3168,3461,3953,3520,3888,3177,4267,2923,4475,-99999,-99999,-99999,-99999,-99999,-99999,-99999,-99999,-99999,-99999,3517,3064,6475,3390,4252,4756,4609,4203,3741,3451,4290,3671,3353,-99999,-99999,-99999,-99999,-99999,-99999,-99999,-99999,-99999,-99999,3058,4319,4391,4700,4413,3321,4164,4068,2756,3196,4568,2617,5299,5701,-99999,-99999,-99999,-99999,-99999,-99999,942,3321,4398,2395,2924,2723,3748,3690,2260,2121,3256,SW-12,12,SW,"{""type"":""Point"",""coordinates"":"
57,-99999,-99999,-99999,-99999,-99999,-99999,-64,-20,525,3475,1548,1896,1287,1489,1738,1545,1890,1748,1871,2797,1778,-99999,-99999,-99999,-99999,-99999,-99999,-99999,-99999,-99999,-468,-99999,296,-99999,-99999,1742,1736,1729,1503,1830,1824,1986,3949,2067,-99999,-99999,-99999,-99999,-99999,-99999,-99999,-99999,-99999,-99999,-99999,1491,2494,1588,1166,1388,1469,1397,1768,1575,1857,2602,1198,1851,-99999,-99999,-99999,-99999,-99999,-99999,-99999,1013,1115,1900,1160,1559,1909,1845,1694,1403,1418,SW-13,13,SW,"{""type"":""Point"",""coordinates"":"
58,-99999,-99999,-99999,-99999,-99999,-99999,-99999,-337,516,-99999,1265,1351,-99999,1247,1352,1197,1329,1162,1009,1958,913,-99999,-99999,-99999,-99999,-99999,-99999,-99999,-99999,-99999,-99999,-99999,-740,-99999,-99999,-99999,-99999,1406,1447,1514,1328,1162,1273,1291,-99999,-99999,-99999,-99999,-99999,-99999,-99999,-99999,-99999,-302,-99999,1217,1659,1186,1323,1072,1196,1221,1216,1071,1371,1415,-99999,898,-99999,-99999,-99999,-99999,-99999,-99999,-99999,-99999,-99999,-99999,1302,1338,1381,1349,1327,1211,1389,SW-14,14,SW,"{""type"":""Point"",""coordinates"":"
59,1482,2677,2141,2173,2126,2059,2363,2500,2990,3237,3366,3158,3071,3045,2910,2588,2598,2606,2865,2499,2684,-99999,-99999,-99999,-99999,-99999,-99999,-99999,-339,1132,2961,2251,2976,3087,3489,3081,3512,2879,3067,2930,2752,2712,3135,2865,-99999,-99999,-99999,-99999,-99999,-99999,1235,-99999,4085,2540,3377,3165,3111,2892,2976,2768,2739,2917,2558,2656,2405,2806,2885,2324,-99999,1505,2438,-99999,801,1781,2029,3155,2224,2450,2397,2223,2361,2195,2365,2045,1994,SW-15,15,SW,"{""type"":""Point"",""coordinates"":"
0000000000000000005a,-99999,887,1155,-99999,-99999,-99999,-99999,1481,727,622,1224,1541,1695,1579,971,1363,1439,1806,1429,1039,1417,-99999,-99999,-99999,-99999,-99999,-99999,-99999,-99999,-99999,-779,-99999,-32,-99999,977,987,2604,2258,1528,991,986,1718,1809,1159,-99999,-99999,-99999,-99999,-99999,-99999,-99999,-99999,-99999,-99999,1320,770,914,998,760,2216,1249,1482,1478,713,853,665,-99999,-99999,-99999,-99999,-99999,-99999,-99999,-99999,-100,-99999,-99999,-99999,-99999,899,827,2424,942,2153,816,WA-01,1,WA,"{""type"":""Point"",""coordinates"":"
0000000000000000005b,-99999,-99999,-99999,-99999,-99999,-99999,747,1255,-99999,2224,1617,3335,3515,2751,2849,2750,2743,2436,2475,2514,1292,-99999,-99999,-99999,-99999,-99999,-99999,-99999,-99999,-99999,-251,-4,546,2270,2207,2016,2643,2897,3079,2557,2592,2212,2590,2581,-99999,-99999,-99999,-99999,-99999,1277,-99999,-99999,-99999,-99999,2233,2102,2308,3055,2361,2877,2782,2449,2616,1815,1757,1552,2508,1537,-99999,-99999,-99999,-99999,-99999,-99999,-99999,1674,3444,1960,2387,2304,2142,3235,2538,2939,2460,WA-02,2,WA,"{""type"":""Point"",""coordinates"":"
0000000000000000005c,-99999,-99999,3812,-99999,-99999,-99999,-99999,2878,3745,4779,7488,5553,4973,6497,5160,5399,5483,3336,3166,3182,3056,-99999,-99999,-99999,-99999,-99999,-99999,-99999,-99999,-99999,691,-99999,4827,4193,5163,7206,4738,4909,5300,4845,4452,3591,3248,3656,-99999,-99999,-99999,-99999,-99999,2434,-99999,-99999,1239,2527,3101,5966,4850,5962,4866,5891,4452,3942,3517,3805,3961,3371,-99999,2750,-99999,-99999,-99999,-99999,-99999,-99999,-99999,-99999,3156,3924,6610,3716,5080,4521,5502,6412,5349,WA-03,3,WA,"{""type"":""Point"",""coordinates"":"
0000000000000000005d,-99999,-99999,-99999,-99999,-99999,-99999,-99999,-99999,-701,128,-99999,2812,2401,2786,3064,2196,3704,1938,1874,3403,1784,-99999,-99999,-99999,-99999,-99999,-99999,-99999,-99999,-99999,-99999,-99999,-99999,-353,-138,-99999,1915,1697,2099,2347,1875,1504,2170,2432,-99999,-99999,-99999,-99999,-99999,-230,-99999,-99999,-99999,-99999,-99999,-99999,1650,1904,1873,2154,1910,1774,2460,3033,1516,1473,-99999,-99999,-99999,-99999,-99999,-99999,-99999,-99999,-99999,-99999,-99999,-99999,1423,1633,2573,1685,1928,1391,2482,WA-04,4,WA,"{""type"":""Point"",""coordinates"":"
0000000000000000005e,-99999,-99999,-99999,-99999,-99999,-99999,-420,-664,-99999,-99999,1271,337,618,727,864,908,967,865,1079,945,671,-99999,-99999,-99999,-99999,-99999,-99999,-99999,-99999,-99999,-639,-99999,-99999,-166,1894,578,606,813,822,953,730,893,811,862,-99999,-99999,-99999,-99999,-99999,-257,-99999,-99999,-99999,-789,-99999,762,604,834,764,724,825,879,815,1030,727,791,-99999,-99999,-99999,-99999,-99999,-99999,-99999,-99999,-99999,-99999,-99999,-61,614,791,735,794,713,1685,800,WA-05,5,WA,"{""type"":""Point"",""coordinates"":"
0000000000000000005f,-99999,2711,-99999,-99999,-99999,-99999,194,1390,756,1019,1096,1541,1792,1421,1432,1759,1698,874,1506,1424,1526,-99999,-99999,-99999,-99999,-99999,-99999,-99999,-99999,-99999,-445,-99999,755,-99999,2102,1545,1872,1836,1778,1028,1642,1235,1519,1159,-99999,-99999,-99999,-99999,-99999,1129,446,-99999,-99999,-99999,-99999,871,1316,2024,1337,1425,1672,1396,1914,1853,1058,828,1347,1016,-99999,-99999,1038,-99999,-99999,-99999,-99999,1144,-99999,-99999,1462,1687,1213,1560,1616,2153,1247,WA-06,6,WA,"{""type"":""Point"",""coordinates"":"
60,-99999,-99999,-99999,-99999,-99999,-99999,-99999,-99999,-840,-302,-99999,762,2401,1671,721,522,1742,1388,1181,1330,847,-99999,-99999,-99999,-99999,-99999,-99999,-99999,-99999,-99999,-99999,-99999,-99999,-466,-435,-99999,853,694,646,2182,1875,920,933,2432,-99999,-99999,-99999,-99999,-99999,-314,-99999,-99999,-99999,-99999,-99999,-99999,403,1324,1873,2154,1596,1774,1063,1525,1512,595,-99999,-99999,-99999,-99999,-99999,-99999,-99999,-99999,-99999,-99999,-99999,-99999,582,1446,1367,1662,1928,810,1114,WA-07,7,WA,"{""type"":""Point"",""coordinates"":"
61,-99999,1557,-99999,-99999,-99999,-99999,194,798,502,614,1096,783,905,707,937,763,907,874,958,706,769,-99999,-99999,-99999,-99999,-99999,-99999,-99999,-99999,-99999,-445,-99999,-214,-99999,1546,863,1028,862,717,1217,894,775,980,935,-99999,-99999,-99999,-99999,-99999,424,339,-99999,-99999,-99999,-99999,712,704,873,783,875,716,911,959,812,720,828,840,599,-99999,-99999,469,-99999,-99999,-99999,-99999,-64,-99999,-99999,738,770,662,787,814,1000,842,WA-08,8,WA,"{""type"":""Point"",""coordinates"":"
62,-99999,2669,1912,-99999,-99999,-99999,2552,2199,3296,2871,3262,3187,3032,3193,2517,2076,2553,2137,2315,2474,2175,-99999,-99999,-99999,-99999,-99999,-99999,-99999,-99999,-99999,-99999,2736,2762,3193,3015,2904,2641,2851,2417,2357,2519,2324,2195,2358,-99999,-99999,-99999,-99999,-99999,2311,2107,-99999,2036,2740,2736,3148,3083,2509,2683,2264,2430,2323,2386,2227,2114,2328,1883,-99999,-99999,-99999,-99999,-99999,-99999,-99999,1558,1833,2582,2451,3208,3434,2858,2517,3048,2530,2775,WA-09,9,WA,"{""type"":""Point"",""coordinates"":"
63,-99999,-99999,-99999,-99999,-99999,-99999,-99999,73,191,1430,944,873,1012,928,1067,888,907,822,958,804,804,-99999,-99999,-99999,-99999,-99999,-99999,-99999,-99999,-99999,-447,-99999,-144,59,-99999,856,1195,827,962,1217,747,853,958,935,-99999,-99999,-99999,-99999,-99999,110,-99999,-99999,-99999,369,547,1093,836,885,864,904,884,931,912,764,935,745,-99999,-99999,-99999,-99999,-99999,-99999,-99999,-99999,-99999,-99999,-99999,1109,799,865,662,855,767,1073,927,WA-10,10,WA,"{""type"":""Point"",""coordinates"":"
64,-99999,3073,2345,-99999,-99999,-99999,1844,2972,3514,3436,4025,3873,3352,2509,3293,2623,2991,2570,2737,2712,1913,-99999,-99999,-99999,-99999,-99999,-99999,-99999,-99999,-99999,-99999,2736,3673,3848,3648,3941,2973,3311,3142,2838,3075,2572,2750,2358,-99999,-99999,-99999,-99999,-99999,2363,2246,-99999,1900,3305,3748,3835,3395,2716,2994,2578,2872,2723,2355,2475,2264,1897,2462,-99999,-99999,-99999,-99999,-99999,-99999,-99999,2461,2155,2097,3016,3208,2910,3185,3272,3376,3016,2996,WA-11,11,WA,"{""type"":""Point"",""coordinates"":"
65,-99999,887,1155,-99999,-99999,-99999,-99999,1481,727,622,1224,1541,1695,1579,971,1363,1439,1806,1429,1039,1417,-99999,-99999,-99999,-99999,-99999,-99999,-99999,-99999,-99999,-779,-99999,-32,-99999,977,987,2604,2258,1528,991,986,1718,1809,1159,-99999,-99999,-99999,-99999,-99999,-99999,-99999,-99999,-99999,-99999,1320,770,914,998,760,2216,1249,1482,1478,713,853,665,-99999,-99999,-99999,-99999,-99999,-99999,-99999,-99999,-100,-99999,-99999,-99999,-99999,899,827,2424,942,2153,816,WA-12,12,WA,"{""type"":""Point"",""coordinates"":"
66,-99999,1557,-99999,-99999,-99999,-99999,194,798,502,614,1096,783,905,707,937,763,907,874,958,706,769,-99999,-99999,-99999,-99999,-99999,-99999,-99999,-99999,-99999,-445,-99999,-214,-99999,1546,863,1028,862,717,1217,894,775,980,935,-99999,-99999,-99999,-99999,-99999,424,339,-99999,-99999,-99999,-99999,712,704,873,783,875,716,911,959,812,720,828,840,599,-99999,-99999,469,-99999,-99999,-99999,-99999,-64,-99999,-99999,738,770,662,787,814,1000,842,WA-13,13,WA,"{""type"":""Point"",""coordinates"":"
67,-99999,-99999,3812,-99999,-99999,-99999,-99999,2878,3745,4779,7488,5553,4973,6497,5160,5399,5483,3336,3166,3182,3056,-99999,-99999,-99999,-99999,-99999,-99999,-99999,-99999,-99999,691,-99999,4827,4193,5163,7206,4738,4909,5300,4845,4452,3591,3248,3656,-99999,-99999,-99999,-99999,-99999,2434,-99999,-99999,1239,2527,3101,5966,4850,5962,4866,5891,4452,3942,3517,3805,3961,3371,-99999,2750,-99999,-99999,-99999,-99999,-99999,-99999,-99999,-99999,3156,3924,6610,3716,5080,4521,5502,6412,5349,WA-14,14,WA,"{""type"":""Point"",""coordinates"":"
68,-99999,-99999,-99999,-99999,-99999,-99999,-99999,-532,344,570,1271,1265,1031,813,1067,974,967,820,785,945,860,-99999,-99999,-99999,-99999,-99999,-99999,-99999,-99999,-99999,-626,-99999,-621,-166,-99999,1012,875,855,1211,1106,1053,1002,1082,892,-99999,-99999,-99999,-99999,-99999,-196,-99999,-99999,-99999,369,565,1003,1015,959,992,1059,1038,1167,794,825,902,791,-99999,-99999,-99999,-99999,-99999,-99999,-99999,-99999,-99999,-99999,-99999,1109,1084,1037,949,917,1025,1073,1096,WA-15,15,WA,"{""type"":""Point"",""coordinates"":"
69,1712,2224,1983,890,2650,2035,2692,3575,3249,3241,3182,2926,2861,2852,2865,2749,2774,2797,2781,2128,2131,-99999,2061,-99999,-99999,-99999,-99999,2176,2846,2715,3156,3590,3850,3348,3121,3291,3053,3143,3239,2943,2920,2392,2347,2411,2287,-99999,3682,2393,2229,2148,2430,3129,2063,1904,3149,3125,3162,3262,2629,3021,2476,2717,2395,2680,2245,2353,1963,2100,2210,2506,2082,-99999,2674,-99999,2232,2520,2914,2941,2663,2152,2984,2615,2468,2938,2783,WH-01,1,WH,"{""type"":""Point"",""coordinates"":"
0000000000000000006a,1877,2243,1983,2548,2650,2015,2243,2715,2806,2662,2691,2639,2793,2326,2865,2690,2251,2160,2454,2095,2002,-99999,2153,-99999,-99999,-99999,-99999,3179,2846,2669,2859,2974,3064,2454,3182,3291,2640,3137,2942,2609,2599,2432,2161,2411,2189,-99999,1968,2393,2278,2231,2234,2906,1718,2688,3149,3125,2846,2521,2611,2469,2786,2198,2014,2680,2186,2274,2125,1765,2210,2098,1978,-99999,3631,2168,1906,2378,2914,2941,2663,2152,2374,2066,2468,2031,2176,WH-02,2,WH,"{""type"":""Point"",""coordinates"":"
0000000000000000006b,2020,2064,1880,1494,1924,1421,1935,2060,2422,2500,2544,2172,2620,2113,2215,2112,2400,2072,2000,1773,1821,-99999,1802,1802,-99999,-99999,-99999,282,1622,2284,3035,2534,2145,2380,2775,2813,2414,2317,2385,2013,2322,1966,2061,2018,1749,-99999,1981,1733,1998,2113,1882,2609,2376,2071,2864,2666,2378,2101,2199,1941,1904,2230,1691,2313,1754,1800,1837,1981,2229,1719,1817,-99999,1461,1759,1347,2161,2233,2151,2263,2264,1907,2115,1911,1719,1731,WH-03,3,WH,"{""type"":""Point"",""coordinates"":"
0000000000000000006c,1611,2224,1707,1532,2416,2242,2170,2639,2379,3241,2445,2488,2383,1995,2335,2690,2001,1975,1726,1852,1630,-99999,1495,-99999,-99999,-99999,-99999,2254,1841,2669,2739,2629,2371,2754,3182,3291,3053,3137,3239,2327,2255,1742,1939,2019,1674,-99999,2128,1906,1833,1558,1766,3129,1936,1888,2434,2616,2467,2197,2746,2466,1969,2717,1878,2139,1747,1888,1913,1561,2210,2506,1564,-99999,2097,4370,2518,1779,2605,2221,2410,2691,2559,2615,1922,2345,2519,WH-04,4,WH,"{""type"":""Point"",""coordinates"":"
0000000000000000006d,2020,2064,1880,1494,1924,1421,1935,2060,2422,2500,2544,2172,2620,2113,2215,2112,2400,2072,2000,1773,1821,-99999,1802,1802,-99999,-99999,-99999,282,1622,2284,3035,2534,2145,2380,2775,2813,2414,2317,2385,2013,2322,1966,2061,2018,1749,-99999,1981,1733,1998,2113,1882,2609,2376,2071,2864,2666,2378,2101,2199,1941,1904,2230,1691,2313,1754,1800,1837,1981,2229,1719,1817,-99999,1461,1759,1347,2161,2233,2151,2263,2264,1907,2115,1911,1719,1731,WH-05,5,WH,"{""type"":""Point"",""coordinates"":"
0000000000000000006e,2231,2064,1978,1663,1924,1476,2065,2202,2457,2986,2535,2243,2620,2407,2655,2610,2367,2133,2023,2019,2065,-99999,3319,3319,-99999,-99999,-99999,-103,818,1576,3025,5510,2483,2944,3190,2801,2766,2360,2383,2414,2232,2156,2120,2443,2450,-99999,2326,2292,2121,2690,2507,3196,2065,2345,2895,2661,2378,2602,2265,2242,1863,2230,2036,2313,2065,2142,2027,2166,2229,2103,1825,-99999,1193,1905,2144,2619,2405,2416,2558,2465,2183,2419,2248,1987,1944,WH-06,6,WH,"{""type"":""Point"",""coordinates"":"
0000000000000000006f,3023,2180,-99999,-99999,-99999,-271,-99999,4098,2374,-99999,3798,3588,4553,4958,4981,4087,4067,3477,3031,3468,2893,-99999,-99999,-99999,-99999,-99999,-99999,-99999,-99999,-99999,-99999,803,717,-99999,3564,-99999,5547,4815,3953,5224,3854,3055,3267,2952,-99999,-99999,-99999,-99999,-99999,-99999,960,-99999,-99999,1796,2269,2572,4287,5275,3771,3953,3961,4261,3369,3595,2952,2690,2453,2872,-99999,-99999,-99999,-99999,-99999,459,1486,2122,1861,-99999,4187,4641,3247,5099,4940,3985,3992,WH-07,7,WH,"{""type"":""Point"",""coordinates"":"
70,2054,-99999,1297,-99999,-99999,-99999,-168,-99999,2278,1503,2330,2649,1995,2408,2849,3251,2749,1933,1836,2456,1726,-99999,-99999,-99999,-99999,-99999,-99999,-99999,-99999,-99999,-99999,-99999,-428,-99999,-99999,2106,2167,2838,2727,1673,1798,1207,2739,1781,-99999,-99999,-99999,-99999,-99999,-99999,-99999,-99999,-99999,471,1935,1134,1915,1703,1967,2795,1707,2500,2194,2025,1848,1912,-99999,1428,-99999,-99999,-99999,-99999,-99999,-99999,-17,381,1423,1973,1631,2418,2073,1704,2558,2513,2107,WH-08,8,WH,"{""type"":""Point"",""coordinates"":"
71,-99999,-99999,-99999,-99999,-99999,-99999,-99999,429,1823,-99999,3057,2838,-99999,3905,3340,3251,3039,3233,3053,3117,2867,-99999,-99999,-99999,-99999,-99999,-99999,-99999,-99999,-99999,-99999,-99999,-99999,962,3643,2238,3330,2980,2889,3096,3142,3547,2980,3567,-99999,-99999,-99999,-99999,-99999,-99999,-99999,-99999,-99999,607,2038,6023,1979,3077,2445,3328,3558,2614,2908,-99999,3632,3664,-99999,-99999,-99999,-99999,-99999,-99999,-99999,-99999,-99999,762,-99999,3756,1990,3224,3451,2983,3705,3393,3002,WH-09,9,WH,"{""type"":""Point"",""coordinates"":"
72,-99999,-99999,-99999,-99999,-99999,-99999,-99999,-770,-297,-662,-99999,-99999,364,594,625,580,634,-99999,-99999,634,-99999,-99999,-99999,-99999,-99999,-99999,-99999,-99999,-99999,-99999,-99999,-99999,-99999,-722,-575,-99999,519,688,622,499,590,400,539,-99999,-99999,-99999,-99999,-99999,-99999,-99999,-99999,-99999,-99999,-99999,-99999,-99999,476,475,638,575,584,720,615,692,-99999,626,-99999,-99999,-99999,-99999,-99999,-99999,-99999,-99999,-99999,-99999,-99999,409,373,530,616,794,652,-99999,646,WH-10,10,WH,"{""type"":""Point"",""coordinates"":"
73,-99999,-99999,-99999,-99999,-99999,-99999,-99999,-452,-277,-88,194,531,480,637,695,833,843,-99999,598,658,623,-99999,-99999,-99999,-99999,-99999,-99999,-99999,-99999,-99999,-99999,-99999,-99999,-339,-212,-99999,-99999,737,562,786,639,756,732,-99999,-99999,-99999,-99999,-99999,-99999,-99999,-99999,-99999,-99999,-99999,-709,-99999,-99999,500,655,906,598,557,632,853,-99999,703,-99999,-99999,-99999,-99999,-99999,-99999,-99999,-99999,-99999,-99999,-139,197,-99999,-99999,715,648,578,-99999,697,WH-11,11,WH,"{""type"":""Point"",""coordinates"":"
74,88,-99999,-99999,-99999,-99999,-99999,-99999,-597,-455,-194,365,427,-99999,757,695,858,753,709,740,924,793,-99999,-99999,-99999,-99999,-99999,-99999,-99999,-99999,-99999,-99999,-99999,-99999,-194,-99999,-99999,512,738,881,710,716,756,820,684,-99999,-99999,-99999,-99999,-99999,-99999,-99999,-99999,-99999,-99999,-385,-157,639,641,655,670,928,695,828,853,415,693,-99999,-99999,-99999,-99999,-99999,-99999,-99999,-99999,-99999,31,-99999,-99999,-99999,-99999,820,768,692,778,697,WH-12,12,WH,"{""type"":""Point"",""coordinates"":"
75,-99999,-99999,-99999,-99999,-99999,-99999,-99999,-347,-444,-99999,487,814,-99999,847,801,951,702,546,-99999,893,780,-99999,-99999,-99999,-99999,-99999,-99999,-99999,-99999,-99999,-99999,-99999,-928,-99999,-99999,752,720,1030,901,791,799,835,860,-99999,-99999,-99999,-99999,-99999,-99999,-99999,-99999,-99999,-99999,-99999,-373,-99999,745,941,667,788,997,889,-99999,690,952,845,-99999,-99999,-99999,-99999,-99999,-99999,-99999,-99999,-99999,-99999,-26,1038,811,812,1018,916,1229,695,934,WH-13,13,WH,"{""type"":""Point"",""coordinates"":"
76,3694,1950,2786,-99999,-99999,-99999,-99999,-99999,1736,-99999,6500,5377,3735,5698,5528,4969,5577,5278,4176,3873,6398,-99999,-99999,-99999,-99999,-99999,-99999,-99999,-99999,-99999,776,-99999,-99999,-99999,-99999,-99999,6185,4700,5407,5345,4995,4367,4552,5340,-99999,-99999,-99999,-99999,-99999,-99999,-99999,-99999,-99999,1069,2366,5814,5279,-99999,3809,2799,3702,4614,4865,4811,4116,-99999,3480,-99999,-99999,2928,-99999,-99999,-99999,-99999,-99999,-99999,-99999,-99999,7267,3105,5159,5089,3676,3594,5235,WH-14,14,WH,"{""type"":""Point"",""coordinates"":"
77,-99999,-99999,-99999,-99999,-99999,-99999,-99999,-653,-297,-431,-99999,-99999,364,594,625,580,482,-99999,-99999,634,-99999,-99999,-99999,-99999,-99999,-99999,-99999,-99999,-99999,-99999,-99999,-99999,-99999,-643,-417,-99999,433,517,732,741,590,400,539,-99999,-99999,-99999,-99999,-99999,-99999,-99999,-99999,-99999,-99999,-99999,-99999,-99999,476,511,553,575,633,720,742,665,-99999,626,-99999,-99999,-99999,-99999,-99999,-99999,-99999,-99999,-99999,-99999,-99999,409,283,491,610,616,728,-99999,646,WH-15,15,WH,"{""type"":""Point"",""coordinates"":"
78,-99999,3416,3102,-99999,-99999,-99999,3548,2430,3025,3708,4067,3493,2503,2966,3785,3258,3487,3022,2748,3196,3017,-99999,-99999,-99999,-99999,-99999,-99999,-99999,-99999,1578,1469,1943,2595,5100,3650,3599,4261,3796,4747,2686,2978,3349,3141,4759,-99999,-99999,-99999,-99999,-99999,3092,-99999,-99999,-99999,3067,3261,3352,3008,3524,3405,3140,3303,3953,3086,2893,3002,3272,3165,4299,-99999,-99999,3052,-99999,4495,-99999,2573,2523,3257,3029,3589,2796,2722,2877,4202,4233,2933,WL-01,1,WL,"{""type"":""Point"",""coordinates"":"
79,5714,2368,2744,-99999,2832,2614,3135,2851,3396,3385,2302,3227,3049,2996,2384,2382,3256,3335,2860,3367,2456,-99999,-99999,-99999,-99999,-99999,-99999,-99999,-99999,2833,2606,2877,3090,2657,3174,3049,2903,2994,3515,2902,3012,3399,3267,3710,3386,-99999,3320,3078,2873,3292,3438,2825,2789,3315,3156,3075,3266,2912,3051,3276,2952,3190,2831,3299,2956,2879,3453,2860,3625,3212,3704,2890,2297,2921,3668,3095,2719,2420,2945,3165,2944,2853,3446,2801,2816,WL-02,2,WL,"{""type"":""Point"",""coordinates"":"
0000000000000000007a,-99999,-99999,-99999,-99999,-99999,-99999,-99999,1379,2042,2456,2064,4684,2015,3303,3805,3183,2060,2178,3270,2696,1444,-99999,-99999,-99999,-99999,-99999,-99999,-99999,-99999,-99999,-99999,-99999,908,-99999,1918,-99999,6779,3852,3344,2845,3298,5131,3432,2971,-99999,-99999,-99999,-99999,-99999,-99999,-99999,-99999,-99999,986,1350,1309,1981,5577,2509,3613,-99999,2321,2222,4476,3268,2391,5021,1391,2235,1863,2732,-99999,-99999,-99999,1054,1357,2293,837,2661,2423,2089,2420,2306,1800,3162,WL-03,3,WL,"{""type"":""Point"",""coordinates"":"
0000000000000000007b,1235,-99999,-99999,-99999,-99999,-99999,28,741,-99999,2898,1725,3265,3893,2769,1959,3015,3485,3120,4510,5583,6936,-99999,-99999,-99999,-99999,-99999,-99999,-99999,-99999,-99999,241,-99999,289,449,1280,1510,3316,1927,3227,2503,3940,4271,7275,3333,-99999,-99999,-99999,-99999,-99999,-99999,-99999,-99999,-99999,279,67,478,3030,2690,2522,3017,3323,2972,2500,3090,4768,5404,6727,-99999,-99999,-99999,-99999,-99999,-99999,-99999,-99999,2043,3033,2900,1302,2821,3773,2841,3170,2858,2901,WL-04,4,WL,"{""type"":""Point"",""coordinates"":"
0000000000000000007c,1892,-99999,-99999,-99999,-99999,-99999,-86,-283,182,734,1204,1345,2489,1507,1862,2238,1398,1619,2462,3102,3123,-99999,-99999,-99999,-99999,-99999,-99999,-99999,-99999,-99999,-99999,-99999,-99999,-213,1057,-99999,1067,2757,2340,2450,2142,3146,-99999,2795,-99999,-99999,-99999,-99999,-99999,-99999,-99999,-99999,-99999,-99999,-86,878,642,1812,1139,1468,1541,1526,2498,1058,2948,2509,-99999,5859,-99999,-99999,-99999,-99999,-99999,-99999,-99999,174,250,300,904,1855,1074,1718,2248,1058,1360,WL-05,5,WL,"{""type"":""Point"",""coordinates"":"
0000000000000000007d,5312,1785,3102,-99999,-99999,-99999,3234,2430,2365,3708,3278,3493,2503,2966,3785,3258,2310,2367,1967,2702,2720,-99999,-99999,-99999,-99999,-99999,-99999,-99999,-99999,937,1957,2570,2595,3307,2878,3621,4261,3225,3904,2517,2518,2556,2380,4759,-99999,-99999,-99999,-99999,-99999,2206,-99999,-99999,-99999,2254,3317,2977,2661,3524,3405,3166,2950,3103,2718,2893,2116,3063,2324,4715,6043,-99999,2790,-99999,3113,-99999,1557,3090,2825,2292,3589,2281,2065,1902,3299,3216,2535,WL-06,6,WL,"{""type"":""Point"",""coordinates"":"
0000000000000000007e,-99999,4893,6055,-99999,-99999,2539,3670,2505,3569,2836,3438,3606,2718,2919,3828,2539,3223,4091,3521,3732,2660,-99999,-99999,-99999,-99999,-99999,-99999,-99999,-99999,-28,973,2774,2962,3050,3906,4031,3532,3666,3230,4201,4614,4804,3254,5884,-99999,-99999,-99999,-99999,5501,-99999,-99999,-99999,-99999,5596,2825,3646,3050,3679,3447,3885,3351,4101,4130,3372,2519,6032,2807,5140,7130,-99999,6129,-99999,-99999,-99999,1349,2934,3117,2437,3318,3200,2945,2949,3145,2683,3030,WL-07,7,WL,"{""type"":""Point"",""coordinates"":"
0000000000000000007f,1416,-99999,-99999,-99999,-99999,-99999,-99999,-242,-92,545,1156,1514,1408,1307,1862,1472,1741,1202,2135,2021,9339,-99999,-99999,-99999,-99999,-99999,-99999,-99999,-99999,-99999,-99999,-99999,-535,-395,-56,1375,1958,1803,2340,1854,1021,1562,2449,-99999,-99999,-99999,-99999,-99999,-99999,-99999,-99999,-99999,-99999,-99999,-451,-336,243,1224,1139,1705,514,1297,1000,1058,1759,-99999,-99999,-99999,-99999,-99999,-99999,-99999,-99999,-99999,-99999,-13,-142,300,-99999,653,792,1318,1270,1370,1700,WL-08,8,WL,"{""type"":""Point"",""coordinates"":"
80,3844,2926,2860,-99999,2163,3784,2950,2668,2969,3214,3192,2020,2126,2256,2115,2430,3171,2410,2500,2564,2934,2646,-99999,5662,-99999,-99999,-99999,-99999,2573,2287,4002,3608,4439,3400,2995,3444,2802,2176,3193,3479,2635,3100,2755,3912,2501,-99999,3313,3524,2584,2343,3167,2543,4053,2547,3437,2796,3040,2771,2651,2381,2532,3570,2254,3061,2316,2618,3259,4025,4215,3289,2814,2677,2786,3811,3082,3556,2587,2256,2326,3280,2661,3000,2319,2788,2900,WL-09,9,WL,"{""type"":""Point"",""coordinates"":"
81,3202,2895,2556,-99999,2324,3002,2632,3104,2833,2327,2485,2285,2306,2331,2259,2254,2287,2242,2393,2381,2415,2841,2958,2680,1436,-99999,-99999,2343,4114,2445,3511,2705,2775,2690,2829,2675,2491,2623,2786,2629,2626,2916,2827,3388,2813,-99999,2600,3243,3048,2649,2704,2626,2770,2991,3098,2881,2860,2602,2532,2529,2391,2721,2418,2576,2294,2944,2579,2743,3058,3009,2828,2849,2604,2454,2522,2374,2241,2194,2027,2183,2238,2247,2058,2184,2195,WL-10,10,WL,"{""type"":""Point"",""coordinates"":"
82,-99999,3552,4659,-99999,3214,-99999,3104,3326,4388,3971,4183,4598,3776,4254,4404,4582,4651,3134,4436,4162,2655,-99999,2634,-99999,892,-99999,-99999,-99999,-99999,2788,4557,3288,3667,7176,4882,5268,3858,4826,4534,5069,4183,4156,5535,6305,-99999,-99999,1463,-99999,-99999,3377,3213,3154,1653,4352,4347,3851,4658,4908,4768,4701,4756,4991,4949,5504,4522,6849,8488,5662,6277,-99999,3790,-99999,3150,3168,3866,3477,4179,4244,4008,4392,4543,2637,4004,3801,4369,WL-11,11,WL,"{""type"":""Point"",""coordinates"":"
83,-99999,-99999,-99999,-99999,-99999,-99999,-99999,-463,-236,557,1349,556,671,669,748,759,866,589,1218,1364,-99999,-99999,-99999,-99999,-99999,-99999,-99999,-99999,-99999,-99999,-99999,-99999,-99999,-317,-1,107,811,945,661,509,820,1162,1347,3655,-99999,-99999,-99999,-99999,-99999,-99999,-99999,-99999,-99999,-99999,-470,-369,753,547,687,624,774,696,801,555,791,-99999,-99999,-99999,-99999,-99999,-99999,-99999,-99999,-99999,-99999,-99999,2,77,765,813,575,645,729,804,653,WL-12,12,WL,"{""type"":""Point"",""coordinates"":"
84,-99999,-99999,-99999,-99999,-99999,-99999,-99999,-99999,-449,111,415,-99999,751,545,604,747,557,399,792,1786,460,-99999,-99999,-99999,-99999,-99999,-99999,-99999,-99999,-99999,-99999,-99999,-99999,-120,-266,-135,825,851,897,939,942,1060,-99999,1421,-99999,-99999,-99999,-99999,-99999,-99999,-99999,-99999,-99999,-99999,-99999,-433,386,-99999,619,741,970,813,808,887,964,-99999,-99999,910,-99999,-99999,-99999,-99999,-99999,-99999,-99999,-99999,-27,383,598,638,630,547,724,737,620,WL-13,13,WL,"{""type"":""Point"",""coordinates"":"
85,3202,2824,2499,-99999,2263,2609,2680,3104,2734,2341,2309,2277,2345,2279,2131,2118,2310,2166,2414,2312,2452,2497,2664,2664,1406,-99999,-99999,2591,2179,2354,3511,2611,2527,2497,2814,2557,2375,2629,2684,2743,2593,2764,2796,3784,2669,-99999,1877,2575,3062,2902,2642,2519,2611,2984,2954,2733,2733,2509,2442,2376,2375,2752,2231,2712,2334,2629,2561,2789,2678,2955,2539,2704,2622,2414,2434,2348,2124,2228,2033,2128,2212,2108,2040,2176,2108,WL-14,14,WL,"{""type"":""Point"",""coordinates"":"
86,973,-99999,-99999,-99999,-99999,-99999,-99999,-306,-99999,648,608,790,1509,715,1675,2031,2053,1139,2084,1702,303,-99999,-99999,-99999,-99999,-99999,-99999,-99999,-99999,-99999,-99999,-99999,-99999,-99999,-69,1312,804,654,1003,1714,1103,1430,-99999,2214,-99999,-99999,-99999,-99999,-99999,-99999,-99999,-99999,-99999,-99999,-486,-244,1011,1551,962,1515,1157,669,1144,1218,2012,-99999,-99999,-99999,-99999,-99999,-99999,-99999,-99999,-99999,-99999,79,-65,281,-99999,653,1262,1344,1649,1288,1700,WL-15,15,WL,"{""type"":""Point"",""coordinates"":"